球員,球隊,位置,方向,年份,徽章,OVR,CNT,PWR,EYE,THR,FLD,SB,SPD,三圍,二圍,C,1B,2B,SS,3B,LF,CF,RF,新增日期,SKILL1,SKILL2,SKILL2
KYLE SCHWARBER,PHI,LF,L,22,ALL STAR,77,70,90,76,80,88,59,64,236,160,,,,,,S,,,,,,
BILLY WILLIAMS,CHC,LF,L,,LEGEND,90,94,97,93,89,89,82,85,284,191,,F,,,,S,F,F,,,,
J.T. REALMUTO,PHI,C,R,22,WC,80,70,67,81,92,87,84,105,218,137,S,F,,,,,,,,,,
OZZIE SMITH,STL,SS,S,,LEGEND,90,92,89,93,89,89,88,108,274,181,,,,S,,,,,,,,
JUAN YEPEZ,STL,RF,R,22,WC,78,86,88,77,76,75,67,73,251,174,,F,,,F,E,,S,,,,
MIKE TROUT,LAA,CF,R,19,HOT,79,81,81,80,78,85,70,94,242,162,,,,,,S,,,,,,
RAMON URIAS,BAL,3B,R,22,BEST FIELDER,83,84,87,80,97,92,63,70,251,171,,,F,F,S,,,,,,,
JORGE MATEO,BAL,SS,R,23,POM PI,81,87,88,81,87,80,68,104,256,175,,,,S,,,,,,,,
MOOKIE BETTS,BOS,RF,R,19,POY MVP,86,88,85,91,94,90,73,102,264,173,,,,,,,F,S,,,,
RAFAEL DEVERS,BOS,3B,L,22,STAR,81,89,89,85,92,87,49,71,263,178,,,,,S,,,,,,,
MOOKIE BETTS,BOS,RF,R,16,HOT,79,82,78,77,84,85,73,110,237,160,,,,,,,,S,,,,
ANDREW BENINTENDI,BOS,LF,L,18,HOT,78,79,79,80,85,85,65,90,238,158,,,,,,S,F,,,,,
BOBBY DALBEC,BOS,1B,R,20,HOT,75,78,78,79,76,84,60,70,235,156,,S,,,F,,,,,,,
JAMES MCCANN,CWS,C,R,20,HOT,76,79,79,80,78,85,60,60,238,158,S,,,,,,,,,,,
YOAN MONCADA,CWS,3B,S,21,HOT,75,78,72,79,83,85,58,84,229,150,,,,,S,,,,,,,
JOSE RAMIREZ,CLE,3B,S,22,POY MVP,86,88,91,85,93,89,75,123,264,179,,,,,S,,,,,,,
JOSE RAMIREZ,CLE,3B,S,22,BEST BATTER,85,91,94,86,86,82,76,123,271,185,,,,,S,,,,,,,
STEVEN KWAN,CLE,LF,L,22,POY ROY,83,91,82,89,88,84,69,89,262,173,,,,,,S,F,F,,,,
STEVEN KWAN,CLE,LF,L,22,POST SEASON,80,85,68,82,87,84,79,89,235,153,,,,,,S,F,F,,,,
ANDRES GIMENEZ,CLE,2B,L,22,STAR,80,87,83,81,90,85,59,107,251,170,,,S,F,,,,,,,,
ANDRES GIMENEZ,CLE,2B,L,22,POST SEASON,80,85,80,74,85,82,79,107,239,165,,,S,F,,,,,,,,
JOSE ALTUVE,HOU,2B,R,22,ALL MLB,87,92,93,89,92,88,73,86,274,185,,,S,,,,,,,,,
KYLE TUCKER,HOU,RF,L,22,ALL MLB,85,87,93,85,90,86,74,93,265,180,,,,,,,,S,,,,
KYLE TUCKER,HOU,RF,L,22,BEST FIELDER,85,83,89,81,94,90,78,93,253,172,,,,,,,,S,,,,
YORDAN ALVAREZ,HOU,LF,L,22,POY MVP,83,89,91,84,91,85,63,65,264,180,,,,,,S,,,,,,
JEREMY PENA,HOU,SS,R,22,WS MVP,83,92,92,89,85,85,60,93,273,184,,,,S,,,,,,,,
JEREMY PENA,HOU,SS,R,22,CS MVP,82,89,89,87,84,84,64,93,265,178,,,,S,,,,,,,,
YORDAN ALVAREZ,HOU,LF,L,22,POST SEASON,81,86,90,89,92,84,50,65,265,176,,,,,,S,,,,,,
JEREMY PENA,HOU,SS,R,22,POST SEASON,81,83,87,81,88,85,67,93,251,170,,,,S,,,,,,,,
ALEX BREGMAN,HOU,3B,R,22,WS,81,89,86,88,91,89,48,69,263,175,,,,,S,,,,,,,
KYLE TUCKER,HOU,RF,L,22,POST SEASON,80,79,83,74,85,82,82,93,236,162,,,,,,,,S,,,,
JOSE ALTUVE,HOU,2B,R,22,POST SEASON,80,85,86,80,80,76,78,86,251,171,,,S,,,,,,,,,
ALEX BREGMAN,HOU,3B,R,22,POST SEASON,80,80,81,81,89,87,67,69,242,161,,,,,S,,,,,,,
CHRISTIAN VAZQUEZ,HOU,C,R,22,STAR,76,84,79,81,87,80,50,65,244,163,S,F,F,,,,,,,,,
GEORGE BRETT,KC,3B,L,,LEGEND,90,97,98,95,87,87,81,89,290,195,,F,,F,S,F,,F,,,,
ANDREW BENINTENDI,KC,LF,L,22,ALL STAR,75,88,73,85,69,89,51,88,246,161,,,,,,S,,,,,,
MIKE TROUT,LAA,CF,R,19,POY MVP,87,88,94,91,93,90,71,94,273,182,,,,,,,S,,,,,
MARTIN MALDONADO,LAA,C,R,17,HOT,76,77,77,78,83,86,60,46,232,154,S,F,,,,,,,,,,
LUIS RENGIFO,LAA,2B,S,22,STAR,76,82,83,76,85,80,55,93,241,165,,,S,F,F,F,,F,,,,
LUIS ARRAEZ,MIN,1B,L,22,BEST BATTER,83,94,86,89,84,86,64,75,269,180,,S,E,,F,,,,,,,
JORGE POLANCO,MIN,SS,S,19,HOT,75,77,74,74,81,83,66,101,225,151,,,,S,,,,,,,,
AARON JUDGE,NYY,CF,R,22,POY MVP,87,92,94,88,91,89,73,83,274,186,,,,,,,S,S,,,,
JOSE TREVINO,NYY,C,R,22,BEST FIELDER,83,86,86,80,96,92,63,49,252,172,S,,,,,,,,,,,
ANTHONY RIZZO,NYY,1B,L,22,POST SEASON,81,87,88,87,86,81,62,61,262,175,,S,,,,,,,,,,
AARON JUDGE,NYY,CF,R,22,STAR,80,88,89,85,80,83,60,83,262,177,,,,,,,S,S,,,,
AARON JUDGE,NYY,CF,R,22,POST SEASON,80,87,90,81,74,75,78,83,258,177,,,,,,,S,S,,,,
ISIAH KINER-FALEFA,NYY,SS,R,22,CS,78,77,77,77,90,88,64,114,231,154,,,,S,F,,,,,,,
LUKE VOIT,NYY,1B,R,20,HOT,77,79,82,80,79,85,62,45,241,161,,S,,,,,,,,,,
GIANCARLO STANTON,NYY,RF,R,22,ALL STAR,75,79,90,75,81,80,50,47,244,169,,,,,,F,,S,,,,
MARCUS SEMIEN,OAK,SS,R,19,HOT,79,82,82,82,86,86,61,104,246,164,,,,S,,,,,,,,
RAMON LAUREANO,OAK,CF,R,19,HOT,78,81,80,80,83,86,63,103,241,161,,,,,,,S,F,,,,
JULIO RODRIGUEZ,SEA,CF,R,22,ALL MLB,85,90,93,83,88,86,75,94,266,183,,,,,,,S,,,,,
JULIO RODRIGUEZ,SEA,CF,R,22,POY MVP,85,88,91,80,90,89,77,94,259,179,,,,,,,S,,,,,
JULIO RODRIGUEZ,SEA,CF,R,22,POY ROY,84,89,92,82,87,85,74,94,263,181,,,,,,,S,,,,,
JULIO RODRIGUEZ,SEA,CF,R,22,STAR,82,88,90,82,83,89,65,94,260,178,,,,,,,S,,,,,
NELSON CRUZ,SEA,RF,R,15,STAR,80,87,90,83,88,87,50,62,260,177,,,,,,,,S,,,,
JULIO RODRIGUEZ,SEA,CF,R,22,POST SEASON,80,83,85,71,79,85,82,94,239,168,,,,,,,S,,,,,
ROBINSON CANO,SEA,2B,L,16,HOT,79,81,83,80,87,87,61,44,244,164,,,S,,,,,,,,,
J.P. CRAWFORD,SEA,SS,L,22,WC,79,74,71,85,90,88,71,92,230,145,,,,S,,,,,,,,
MIKE ZUNINO,SEA,C,R,14,HOT,77,78,79,78,85,86,61,62,235,157,S,,,,,,,,,,,
NELSON CRUZ,SEA,DH,R,16,HOT,75,79,82,79,78,77,60,60,240,161,,,,,,,,S,,,,
WANDER FRANCO,TB,SS,S,23,POM PI,81,85,88,80,92,85,61,85,253,173,,,,S,,,,,,,,
BRANDON LOWE,TB,2B,L,21,HOT,79,79,84,80,85,88,63,87,243,163,,F,S,,,F,,F,,,,
WANDER FRANCO,TB,SS,S,22,STAR,77,85,79,87,80,78,58,87,251,164,,,,S,,,,,,,,
MIKE ZUNINO,TB,C,R,21,HOT,76,78,78,79,82,86,58,57,235,156,S,,,,,,,,,,,
MICHAEL YOUNG,TEX,SS,R,,LEGEND,90,95,94,93,89,89,85,101,282,189,,F,E,S,E,,,,,,,
ADOLIS GARCIA,TEX,RF,R,22,STAR,79,80,84,76,90,86,63,108,240,164,,,,,,,E,S,,,,
COREY SEAGER,TEX,SS,L,22,ALL STAR,77,73,86,74,91,86,57,62,233,159,,,,S,,,,,,,,
MATT CHAPMAN,TOR,3B,R,23,POM POM,85,92,91,86,92,89,65,90,269,183,,,,,S,,,,,,,
VLADIMIR GUERRERO JR.,TOR,1B,R,22,BEST FIELDER,84,86,90,82,94,91,66,72,258,176,,S,,,F,,,,,,,
GEORGE SPRINGER,TOR,CF,R,22,POST SEASON,80,79,81,74,90,84,77,92,234,160,,,,,,,S,E,,,,
BO BICHETTE,TOR,SS,R,22,POST SEASON,80,85,83,70,87,84,76,112,238,168,,,,S,,,,,,,,
MARCUS SEMIEN,TOR,2B,R,21,HOT,79,81,85,81,82,84,66,107,247,166,,,S,F,,,,,,,,
KETEL MARTE,AZ,CF,S,19,POY MVP,85,93,90,88,89,88,67,81,271,183,,,D,F,,,S,,,,,
CORBIN CARROLL,AZ,LF,L,23,POM PI,81,87,87,78,89,83,67,94,252,174,,,,,,S,F,D,,,,
AJ POLLOCK,AZ,CF,R,15,HOT,78,81,79,81,79,86,67,101,241,160,,,,,,,S,,,,,
NICK AHMED,AZ,SS,R,19,HOT,75,79,73,79,83,84,57,95,231,152,,,,S,,,,,,,,
RONALD ACUNA JR.,ATL,RF,R,23,POM POM,85,89,87,86,90,87,76,111,262,176,,,,,,,,S,,,,
RONALD ACUNA JR.,ATL,RF,R,19,POY MVP,85,83,88,81,89,89,85,105,252,171,,,,,,F,S,F,,,,
FREDDIE FREEMAN,ATL,1B,L,19,POY MVP,85,88,90,88,93,90,66,82,266,178,,S,,,,,,,,,,
MICHAEL HARRIS II,ATL,CF,L,22,POY ROY,84,90,91,81,88,86,73,93,262,181,,,,,,,S,,,,,
RONALD ACUNA JR.,ATL,RF,R,22,POST SEASON,81,86,79,81,83,87,75,105,246,165,,,,,,,F,S,,,,
MATT OLSON,ATL,1B,L,22,POST SEASON,81,89,89,89,91,86,47,68,267,178,,S,,,,,,,,,,
DANSBY SWANSON,ATL,SS,R,22,POST SEASON,80,78,81,68,90,89,79,102,227,159,,,,S,,,,,,,,
AUSTIN RILEY,ATL,3B,R,22,POST SEASON,80,82,86,71,89,89,68,84,239,168,,,,,S,,,,,,,
JASON HEYWARD,ATL,RF,L,12,HOT,78,80,81,80,82,86,64,82,241,161,,,,,,,F,S,,,,
AUSTIN RILEY,ATL,3B,R,22,ALL STAR,78,81,90,73,90,85,54,84,244,171,,,,,S,,,,,,,
MARCELL OZUNA,ATL,DH,R,20,HOT,77,82,83,83,77,77,65,74,248,165,,,,,,S,,F,,,,
NICO HOERNER,CHC,2B,R,23,POM PI,81,88,79,81,92,86,65,95,248,167,,,S,F,,,,,,,,
KRIS BRYANT,CHC,3B,R,17,HOT,77,80,75,81,85,86,60,102,236,155,,F,,,S,F,F,F,,,,
CHRISTOPHER MOREL,CHC,CF,R,22,STAR,76,77,84,80,86,76,58,92,241,161,,,E,F,F,,S,,,,,
PATRICK WILSON,CHC,3B,R,21,HOT,75,76,80,77,78,84,60,89,233,156,,F,,,S,F,,F,,,,
EUGENIO SUAREZ,CIN,3B,R,19,HOT,77,80,81,81,82,85,58,58,242,161,,,,,S,,,,,,,
NOLAN ARENADO,COL,3B,R,19,POY MVP,85,91,91,87,93,90,63,56,269,182,,,,,S,,,,,,,
BRENDAN RODGERS,COL,2B,R,22,BEST FIELDER,83,86,85,82,96,91,63,73,253,171,,,S,,,,,,,,,
SHAWN GREEN,LAD,RF,L,,LEGEND,90,92,98,92,89,89,85,102,282,190,,F,,,,F,F,S,,,,
TREA TURNER,LAD,SS,R,22,ALL MLB,87,92,92,84,92,88,79,132,268,184,,,,S,,,,,,,,
CODY BELLINGER,LAD,RF,L,19,POY MVP,87,90,92,90,93,90,72,101,272,182,,F,,,,,F,S,,,,
TREA TURNER,LAD,SS,R,22,BEST BATTER,85,92,92,82,86,82,81,132,266,184,,,,S,,,,,,,,
FREDDIE FREEMAN,LAD,1B,L,23,POM POM,85,91,91,86,92,88,67,77,268,182,,S,,,,,,,,,,
FREDDIE FREEMAN,LAD,1B,L,22,ALL MLB,85,93,92,88,90,86,66,82,273,185,,S,,,,,,,,,,
JAMES OUTMAN,LAD,CF,L,23,POM ROM,82,86,91,81,91,84,64,90,258,177,,,,,,E,S,F,,,,
TREA TURNER,LAD,SS,R,22,POST SEASON,81,84,84,77,87,85,74,132,245,168,,,,S,,,,,,,,
MOOKIE BETTS,LAD,RF,R,22,STAR,81,84,89,83,91,87,57,102,256,173,,,F,,,,,S,,,,
MOOKIE BETTS,LAD,RF,R,22,POST SEASON,80,82,88,74,84,82,75,102,244,170,,,F,,,,,S,,,,
FREDDIE FREEMAN,LAD,1B,L,22,POST SEASON,80,89,85,82,79,74,76,82,256,174,,S,,,,,,,,,,
JOC PEDERSON,LAD,CF,L,15,STAR,79,76,86,84,90,90,53,76,246,162,,,,,,,S,,,,,
GAVIN LUX,LAD,2B,L,22,STAR,78,85,78,86,83,83,58,95,249,163,,,S,F,,F,,,,,,
CHRIS TAYLOR,LAD,LF,R,22,STAR,75,76,77,79,79,85,59,105,232,153,,,F,,F,S,F,F,,,,
DEE STRANGE-GORDON,MIA,2B,L,15,STAR,82,87,76,79,88,84,83,94,242,163,,,S,,,,,,,,,
MARCELL OZUNA,MIA,CF,R,14,HOT,77,80,80,78,82,86,61,83,238,160,,,,,,F,S,F,,,,
J.T. REALMUTO,MIA,C,R,18,HOT,77,79,79,80,81,85,63,105,238,158,S,F,,,,,,,,,,
CHRISTIAN YELICH,MIA,LF,L,16,HOT,77,80,80,80,79,86,62,101,240,160,,,,,,S,F,,,,,
ROBIN YOUNT,MIL,SS,R,,LEGEND,90,95,97,92,89,89,83,96,284,192,,F,,S,,F,S,,,,,
PAUL MOLITOR,MIL,3B,R,,LEGEND,90,95,95,95,87,87,86,107,285,190,,F,E,F,S,F,F,F,,,,
CHRISTIAN YELICH,MIL,RF,L,19,POY MVP,86,90,90,86,91,87,77,97,266,180,,,,,,F,F,S,,,,
YASMANI GRANDAL,MIL,C,S,19,HOT,78,81,81,82,81,86,62,42,244,162,S,F,,,,,,,,,,
JEFF MCNEIL,NYM,2B,L,22,POST SEASON,80,88,74,80,88,86,69,76,242,162,,,S,,F,C,,F,,,,
FRANCISCO LINDOR,NYM,SS,S,22,POST SEASON,80,82,81,73,87,84,78,97,236,163,,,,S,,,,,,,,
JONATHAN VILLAR,NYM,3B,S,21,HOT,75,75,77,76,77,82,68,110,228,152,,,F,F,S,,,,,,,
J.T. REALMUTO,PHI,C,R,22,ALL MLB,86,89,92,84,92,88,76,105,265,181,S,F,,,,,,,,,,
TREA TURNER,PHI,SS,R,23,SIGNING STAR,85,92,91,83,85,83,81,132,266,183,,,,S,,,,,,,,
J.T. REALMUTO,PHI,C,R,22,POY MVP,84,86,90,81,93,88,71,105,257,176,S,F,,,,,,,,,,
J.T. REALMUTO,PHI,C,R,22,BEST BATTER,84,89,93,82,87,82,76,105,264,182,S,F,,,,,,,,,,
NICK CASTELLANOS,PHI,RF,R,22,POST SEASON,81,85,77,84,90,88,67,85,246,162,,,,,,F,,S,,,,
KYLE SCHWARBER,PHI,LF,L,22,WS,81,88,88,84,83,89,59,64,260,176,,,,,,S,,,,,,
JORGE ALFARO,PHI,C,R,18,HOT,76,78,77,79,82,85,60,96,234,155,S,,,,F,,,,,,,
STARLING MARTE,PIT,LF,R,15,STAR,81,84,84,78,91,87,67,148,246,168,,,,,,S,F,,,,,
JOSH BELL,PIT,1B,S,19,HT,76,79,80,79,80,83,60,69,238,159,,S,,,,,,,,,,
ANDREW MCCUTCHEN,PIT,CF,R,12,HOT,76,79,77,76,75,83,71,99,232,156,,,,,,,S,,,,,
MANNY MACHADO,SD,3B,R,22,STAR,82,89,90,85,91,87,55,82,264,179,,,,,S,,,,,,,
TRENT GRISHAM,SD,CF,L,22,WC,81,89,88,87,72,78,77,115,264,177,,,,,,,S,,,,,
JURICKSON PROFAR,SD,LF,S,22,WC,81,82,82,84,85,83,75,89,248,164,,,,,,S,,,,,,
JAKE CRONENWORTH,SD,2B,L,22,POST SEASON,81,89,89,82,90,87,54,95,260,178,,F,S,F,,,,,,,,
AUSTIN NOLA,SD,C,R,22,WC,77,87,76,76,79,80,69,70,239,163,S,,f,,f,,,,,,,
AUSTIN HEDGES,SD,C,R,18,HOT,75,77,77,78,78,84,61,57,232,154,S,,,,,,,,,,,
MIKE YASTRZEMSKI,SF,RF,L,22,STAR,77,76,83,82,85,85,56,79,241,159,,,,,,,S,S,,,,
BRANDON CRAWFORD,SF,SS,L,16,HOT,75,79,71,78,84,85,58,78,228,150,,,,S,,,,,,,,
KEITH HERNANDEZ,STL,1B,L,,LEGEND,90,96,94,95,90,90,80,79,285,190,,S,,,,F,,F,,,,
PAUL GOLDSCHMIDT,STL,1B,R,22,POY MVP,87,93,94,88,94,90,68,82,275,187,,S,,,,,,,,,,
PAUL GOLDSCHMIDT,STL,1B,R,22,BEST BATTER,84,93,95,85,87,83,66,82,273,188,,S,,,,,,,,,,
NOLAN ARENADO,STL,3B,R,22,POY MVP,84,89,91,86,92,88,63,56,266,180,,,,,S,,,,,,,
PAUL GOLDSCHMIDT,STL,1B,R,22,POST SEASON,80,88,88,80,81,77,71,82,256,176,,S,,,,,,,,,,
NOLAN ARENADO,STL,3B,R,22,STAR,80,86,87,87,90,86,49,56,260,173,,,,,S,,,,,,,
NOLAN ARENADO,STL,3B,R,22,POST SEASON,80,85,87,80,83,80,70,56,252,172,,,,,S,,,,,,,
VLADIMIR GUERRERO,WSH,RF,R,,LEGEND,90,95,98,95,88,88,81,86,288,193,,,,,,F,F,S,,,,
ANTHONY RENDON,WSH,3B,R,19,POY MVP,86,92,90,91,94,90,64,66,273,182,,,F,,S,,,,,,,
KEIBERT RUIZ,WSH,C,S,22,STAR,77,82,76,85,87,81,56,51,243,158,S,,,,,,,,,,,
ADLEY RUTSCHMAN,BAL,C,S,22,POY ROY,83,86,87,87,92,87,63,81,260,173,S,,,,,,,,,,,
RYAN MOUNTCASTLE,BAL,1B,R,22,STAR,77,80,84,78,90,82,52,84,242,164,,S,,,,,,,,,,
XANDER BOGAERTS,BOS,SS,R,19,POY MVP,85,91,89,87,94,89,64,103,267,180,,,,S,,,,,,,,
ANDRES GIMENEZ,CLE,2B,L,22,ALL MLB,85,91,91,85,90,86,71,107,267,182,,,S,F,,,,,,,,
MYLES STRAW,CLE,CF,R,22,WC,80,74,67,77,92,90,84,128,218,141,,,,,,,S,,,,,
NICK CASTELLANOS,DET,3B,R,16,HOT,75,77,77,76,81,85,58,73,230,154,,,,,S,,,,,,,
JOSE ALTUVE,HOU,2B,R,22,POY MVP,86,89,91,86,93,88,73,86,266,180,,,S,,,,,,,,,
ALEX BREGMAN,HOU,3B,R,19,POY MVP,86,89,92,93,92,89,65,69,274,181,,,,D,S,,,,,,,
JOSE ALTUVE,HOU,2B,R,22,BEST BATTER,85,92,94,86,86,82,74,86,272,186,,,S,,,,,,,,,
YULI GURRIEL,HOU,1B,R,22,CS,79,82,84,83,84,87,58,77,249,166,,S,,,,,,,,,,
MAX STASSI,HOU,C,R,18,HOT,75,77,77,79,78,84,59,54,233,154,S,,,,,,,,,,,
MIKE MOUSTAKAS,KC,3B,L,12,HOT,76,78,78,77,83,83,61,51,233,156,,,,,S,,,,,,,
ALBERT PUJOLS (N/A),LAA,1B,R,12,HOT,76,79,80,78,80,83,60,41,237,159,,S,,,F,,,,,,,
AARON JUDGE,NYY,CF,R,22,ALL STAR,79,84,91,78,82,81,62,83,253,175,,,,,,,S,S,,,,
GARY SANCHEZ,NYY,C,R,17,HOT,77,78,80,78,83,86,61,57,236,158,S,F,,,,,,,,,,
GLEYBER TORRES,NYY,2B,R,18,HOT,75,77,78,78,79,83,59,90,233,155,,,S,F,,,,,,,,
JULIO RODRIGUEZ,SEA,CF,R,22,ALL STAR,82,83,88,72,73,88,92,94,243,171,,,,,,,S,,,,,
ADAM FRAZIER,SEA,2B,L,22,WC,81,87,76,79,85,84,79,82,242,163,,,S,F,,F,F,F,,,,
NELSON CRUZ,TEX,RF,R,10,HOT,76,82,74,80,78,86,60,55,236,156,,,,,,F,,S,,,,
JOSH DONALDSON,TOR,3B,R,16,HOT,79,81,83,81,83,87,63,74,245,164,,,,,S,,,,,,,
DAVID PERALTA,AZ,LF,L,18,HOT,75,77,78,78,77,85,59,78,233,155,,,,,,S,,F,,,,
JAVIER BAEZ,CHC,SS,R,19,HOT,79,82,82,81,84,86,63,112,245,164,,,,S,F,,,,,,,
KYLE SCHWARBER,CHC,LF,L,18,HOT,76,77,78,78,84,84,59,75,233,155,,,,,,S,,,,,,
FREDDIE FREEMAN,LAD,1B,L,22,POY MVP,85,91,90,85,93,88,67,82,266,181,,S,,,,,,,,,,
MOOKIE BETTS,LAD,RF,R,22,ALL STAR,81,83,90,81,85,89,62,102,254,173,,,,,,,,S,,,,
MIGUEL CABRERA,MIA,3B,R,06,HOT,78,82,77,82,84,87,60,42,241,159,,,,,S,,,,,,,
KOLTEN WONG,MIL,2B,L,21,HOT,76,77,78,77,81,85,62,81,232,155,,,S,,,,,,,,,
PETE ALONSO,NYM,1B,R,22,ALL STAR,79,84,90,79,89,82,54,57,253,174,,S,,,,,,,,,,
KYLE SCHWARBER,PHI,LF,L,22,BEST BATTER,83,81,94,82,90,88,67,64,257,175,,,,,,S,,,,,,
ALEC BOHM,PHI,3B,R,22,WC,81,86,78,87,86,83,70,80,251,164,,F,,,S,,,,,,,
KE'BRYAN HAYES,PIT,3B,R,20,HOT,77,81,79,82,79,85,60,95,242,160,,,,,S,,,,,,,
STARLING MARTE,PIT,LF,R,14,HOT,75,80,72,79,77,85,61,147,231,152,,,,,,S,F,,,,,
MANNY MACHADO,SD,3B,R,22,POY MVP,84,89,91,83,93,89,63,82,263,180,,,,,S,,,,,,,
MANNY MACHADO,SD,3B,R,22,POST SEASON,80,85,88,76,82,81,72,82,249,173,,,,,S,,,,,,,
JAKE CRONENWORTH,SD,2B,L,22,ALL STAR,77,79,81,76,90,88,52,95,236,160,,F,S,F,,,,,,,,
MATT DUFFY,SF,3B,R,15,HOT,77,79,77,79,82,86,63,95,235,156,,F,F,F,S,,,,,,,
PAUL GOLDSCHMIDT,STL,1B,R,22,ALL MLB,86,93,94,87,92,88,66,82,274,187,,S,,,,,,,,,,
TOMMY PHAM,STL,LF,R,17,HOT,79,80,81,81,82,88,66,107,242,161,,,,,,S,F,F,,,,
BRYCE HARPER,WSH,CF,L,12,HOT,75,79,75,79,78,84,59,100,233,154,,,,,,F,S,F,,,,
ANTHONY RENDON,WSH,3B,R,14,HOT,75,78,73,73,80,82,68,78,224,151,,,F,,S,,,,,,,
JOSE IGLESIAS,BAL,SS,R,20,HOT,77,81,78,81,78,85,62,78,240,159,,,,S,,,,,,,,
MANNY MACHADO,BAL,3B,R,16,HOT,75,78,74,73,79,84,65,78,225,152,,,,F,S,,,,,,,
XANDER BOGAERTS,BOS,SS,R,22,ALL STAR,81,91,83,81,90,87,57,103,255,174,,,,S,,,,,,,,
TREVOR STORY,BOS,2B,R,22,STAR,78,79,84,78,87,83,60,121,241,163,,,S,,,,,,,,,
TIM ANDERSON,CWS,SS,R,22,ALL STAR,77,87,76,72,82,78,70,109,235,163,,,,S,,,,,,,,
LUIS ROBERT,CWS,CF,R,22,STAR,77,86,81,80,75,85,58,103,247,167,,,,,,,S,,,,,
ANDRES GIMENEZ,CLE,2B,L,22,POY MVP,85,89,88,82,93,88,73,107,259,177,,,S,F,,,,,,,,
ANDRES GIMENEZ,CLE,2B,L,22,BEST FIELDER,85,87,87,81,94,89,75,107,255,174,,,S,F,,,,,,,,
JOSE RAMIREZ,CLE,3B,S,22,ALL STAR,82,86,91,87,79,80,72,123,264,177,,,,,S,,,,,,,
CARLOS SANTANA,CLE,1B,S,15,STAR,79,77,82,83,92,88,55,54,242,159,,S,,,,,,,,,,
OSCAR GONZALEZ,CLE,RF,R,22,WC,78,82,86,71,79,85,68,92,239,168,,,,,,,,S,,,,
JEIMER CANDELARIO,DET,1B,S,20,HOT,76,80,73,82,80,86,58,72,235,153,,S,,,F,,,,,,,
CARLOS CORREA,HOU,SS,R,17,HOT,76,79,74,80,82,86,58,82,233,153,,,,S,,,,,,,,
TROY GLAUS,LAA,3B,R,,LEGEND,90,91,98,94,89,89,82,87,283,189,,F,,F,S,,,,,,,
MIKE TROUT,LAA,CF,R,22,ALL MLB,86,91,94,86,90,92,66,94,271,185,,,,,,,S,,,,,
ANTHONY RENDON,LAA,3B,R,20,HOT,78,80,80,82,82,86,61,63,242,160,,,,,S,,,,,,,
MAX KEPLER,MIN,RF,L,22,STAR,77,77,76,86,89,86,51,97,239,153,,,,,,,F,S,,,,
MARCUS SEMIEN,OAK,SS,R,19,POY MVP,85,85,86,88,94,90,70,108,259,171,,,,S,,,,,,,,
EUGENIO SUAREZ,SEA,3B,R,22,POST SEASON,79,77,81,71,92,89,67,61,229,158,,,,,S,,,,,,,
VLADIMIR GUERRERO JR.,TOR,1B,R,22,ALL STAR,77,81,90,80,78,86,50,72,251,171,,S,,,F,,,,,,,
JUSTIN UPTON,ATL,LF,R,14,HOT,76,79,80,77,77,84,62,86,236,159,,,,,,S,,,,,,
FREDDIE FREEMAN,ATL,1B,L,21,HOT,76,77,75,74,82,84,67,72,226,152,,S,,,,,,,,,,
NICO HOERNER,CHC,SS,R,22,STAR,79,85,77,82,89,84,60,97,244,162,,,,S,F,,,,,,,
ANTHONY RIZZO,CHC,1B,L,15,HOT,75,76,70,73,82,83,69,57,219,146,,S,,,,,,,,,,
JOEY VOTTO,CIN,1B,L,17,HOT,78,79,76,76,86,86,68,47,231,155,,S,,,,,,,,,,
NICK CASTELLANOS,CIN,RF,R,21,HOT,77,78,81,79,79,85,63,83,238,159,,,,,,,,S,,,,
TONY WOLTERS,COL,C,L,16,HOT,75,78,76,77,78,84,60,75,231,154,S,,F,F,,,,,,,,
MIGUEL ROJAS,MIA,SS,R,20,HOT,77,79,77,80,81,84,64,79,236,156,,F,,S,F,,,,,,,
CHRISTIAN YELICH,MIL,RF,L,19,HOT,79,80,80,78,78,84,77,99,238,160,,,,,,F,F,S,,,,
TYRONE TAYLOR,MIL,CF,R,22,STAR,76,77,85,75,89,82,51,94,237,162,,,,,,F,S,F,,,,
FRANCISCO LINDOR,NYM,SS,S,22,ALL MLB,85,88,91,84,92,88,70,97,263,179,,,,S,,,,,,,,
JEAN SEGURA,PHI,2B,R,22,WC,78,76,71,77,84,84,79,93,224,147,,,S,F,,,,,,,,
KYLE SCHWARBER,PHI,LF,L,22,POST SEASON,77,71,81,67,84,89,73,64,219,152,,,,,,S,,,,,,
J.T. REALMUTO,PHI,C,R,21,HOT,75,76,73,72,78,84,70,105,221,149,S,F,,,,,,,,,,
JASON KENDALL,PIT,C,R,,LEGEND,90,94,92,94,90,90,83,90,280,186,S,,,,,F,,F,,,,
MANNY MACHADO,SD,3B,R,22,ALL MLB,86,92,93,87,92,88,67,82,272,185,,,,,S,,,,,,,
XANDER BOGAERTS,SD,SS,R,23,SIGNING STAR,85,91,90,84,93,86,69,104,265,181,,,,S,,,,,,,,
BRANDON DRURY,SD,3B,R,22,BEST BATTER,83,89,94,82,86,87,63,71,265,183,,F,F,F,S,,,F,,,,
ORLANDO CEPEDA,SF,1B,R,,LEGEND,90,94,94,93,90,90,82,84,281,188,,S,,,F,F,,F,,,,
NOLAN ARENADO,STL,3B,R,22,ALL MLB,85,91,93,88,90,86,65,56,272,184,,,,,S,,,,,,,
NOLAN ARENADO,STL,3B,R,22,BEST BATTER,84,92,94,86,87,83,65,56,272,186,,,,,S,,,,,,,
PAUL GOLDSCHMIDT,STL,1B,R,22,ALL STAR,82,91,91,83,87,86,57,82,265,182,,S,,,,,,,,,,
JASON HEYWARD,STL,RF,L,15,STAR,81,85,82,82,90,88,62,81,249,167,,,,,,,F,S,,,,
VICTOR ROBLES,WSH,CF,R,19,HOT,78,79,78,79,85,85,65,101,236,157,,,,,,,S,F,,,,
TREA TURNER,WSH,SS,R,18,HOT,78,78,78,79,83,84,69,132,235,156,,,,S,,,,,,,,
AUSTIN HAYS,BAL,LF,R,22,STAR,77,80,82,79,89,85,49,86,241,162,,,,,,S,F,E,,,,
JONATHAN SCHOOP,BAL,2B,R,16,HOT,75,78,73,77,84,84,56,81,228,151,,,S,,,,,,,,,
ENRIQUE HERNANDEZ,BOS,CF,R,21,HOT,77,77,79,78,82,85,63,79,234,156,,,E,F,,,S,,,,,
RAY DURHAM,CWS,2B,S,,LEGEND,90,92,95,91,89,89,86,99,278,187,,,S,,,,,,,,,
JOSE RAMIREZ,CLE,3B,S,22,WC,80,71,78,67,92,90,84,123,216,149,,,,,S,,,,,,,
ROBERTO PEREZ,CLE,C,R,19,HOT,77,79,79,79,82,85,60,42,237,158,S,,,,,,,,,,,
YAN GOMES,CLE,C,R,13,HOT,76,79,77,77,80,84,61,69,233,156,S,F,,,,,,,,,,
KYLE TUCKER,HOU,RF,L,22,ALL STAR,82,81,90,84,82,79,78,93,255,171,,,,,,,,S,,,,
MIKE MOUSTAKAS,KC,3B,L,15,STAR,80,85,86,83,91,88,49,55,254,171,,,,,S,,,,,,,
LORENZO CAIN,KC,CF,R,17,HOT,75,78,70,79,80,85,60,105,227,148,,,,,,,S,,,,,
BYRON BUXTON,MIN,CF,R,22,ALL STAR,75,74,91,70,79,86,52,101,235,165,,,,,,,S,,,,,
ROBINSON CANO,NYY,2B,L,10,HOT,76,81,70,76,83,83,65,40,227,151,,,S,,,,,,,,,
MATT CHAPMAN,OAK,3B,R,19,HOT,78,81,79,81,85,86,58,88,241,160,,,,,S,,,,,,,
JULIO RODRIGUEZ,SEA,CF,R,22,BEST BATTER,85,91,94,81,84,82,80,94,266,185,,,,,,,S,,,,,
VIDAL BRUJAN,TB,2B,S,22,WC,77,87,73,78,76,79,71,91,238,160,,,S,F,F,F,F,F,,,,
SANTIAGO ESPINAL,TOR,2B,R,22,WC,81,86,75,77,88,85,77,82,238,161,,,S,F,F,,,,,,,
PAUL GOLDSCHMIDT,AZ,1B,R,17,HOT,78,79,76,76,81,86,72,84,231,155,,S,,,,,,,,,,
RONALD ACUNA JR.,ATL,RF,R,22,ALL STAR,75,77,77,70,73,80,75,105,224,154,,,,,,,,S,,,,
ERNIE BANKS,CHC,1B,R,,LEGEND,90,94,99,92,91,91,75,60,285,193,,S,,S,F,F,,,,,,
IAN HAPP,CHC,LF,S,22,BEST FIELDER,84,85,86,81,96,92,66,95,252,171,,,,,,S,F,,,,,
JASON HEYWARD,CHC,RF,L,20,HOT,77,79,78,81,78,85,63,76,238,157,,,,,,,,S,,,,
NOLAN ARENADO,COL,3B,R,18,HOT,78,79,81,81,84,85,60,54,241,160,,,,,S,,,,,,,
MOOKIE BETTS,LAD,RF,R,22,ALL MLB,86,88,93,86,92,89,70,102,271,181,,,F,,,,,S,,,,
MOOKIE BETTS,LAD,RF,R,22,BEST BATTER,84,88,94,83,87,84,70,102,265,182,,,F,,,,,S,,,,
MAX MUNCY,LAD,3B,L,22,POST SEASON,79,83,86,83,87,85,52,79,252,169,,F,D,,S,,,,,,,
AJ POLLOCK,LAD,LF,R,21,HOT,76,77,79,78,77,84,63,92,234,156,,,,,,S,F,,,,,
YASMANI GRANDAL,LAD,C,S,15,HOT,75,79,70,79,82,85,57,41,228,149,S,F,,,,,,,,,,
JEAN SEGURA,MIL,SS,R,13,HOT,77,78,76,76,82,83,69,93,230,154,,,,S,,,,,,,,
TRAVIS SHAW (N/A),MIL,3B,L,18,HOT,75,78,75,79,79,84,57,68,232,153,,F,F,,S,,,,,,,
FRANCISCO LINDOR,NYM,SS,S,22,POY MVP,84,86,88,82,93,89,68,97,256,174,,,,S,,,,,,,,
BRANDON NIMMO,NYM,CF,L,22,POST SEASON,80,83,77,77,88,89,68,94,237,160,,,,,,,S,,,,,
JUAN LAGARES,NYM,CF,R,14,HOT,76,79,76,77,80,85,61,89,232,155,,,,,,,S,,,,,
BRANDON MARSH,PHI,CF,L,22,POST SEASON,80,85,89,88,72,79,69,97,262,174,,,,,,S,S,F,,,,
ODUBEL HERRERA,PHI,CF,L,16,HOT,75,78,70,78,83,84,59,82,226,148,,,,,,,S,,,,,
MANNY MACHADO,SD,3B,R,22,ALL STAR,82,91,90,84,80,84,65,82,265,181,,,,,S,,,,,,,
JUAN SOTO,SD,RF,L,22,POST SEASON,80,77,81,81,83,89,71,76,239,158,,,,,,,,S,,,,
NOLAN GORMAN,STL,2B,L,22,WC,77,86,74,78,80,78,68,73,238,160,,,S,,,F,,,,,,
LARS NOOTBAAR,STL,CF,L,22,WC,77,83,75,84,74,76,72,89,242,158,,,,,,F,S,S,,,,
TREY MANCINI,BAL,RF,R,19,HOT,77,80,81,80,77,85,60,68,241,161,,D,,,,,,S,,,,
WADE BOGGS,BOS,3B,L,,LEGEND,90,97,97,97,89,89,72,48,291,194,,F,,,S,F,,,,,,
XANDER BOGAERTS,BOS,SS,R,22,POY MVP,83,89,85,83,91,87,64,103,257,174,,,,S,,,,,,,,
RAFAEL DEVERS,BOS,3B,L,22,ALL STAR,81,91,91,79,90,82,54,71,261,182,,,,,S,,,,,,,
J.D. MARTINEZ,BOS,DH,R,22,ALL STAR,75,89,87,86,68,68,53,65,262,176,,,,,,,,,,,,
JACKIE BRADLEY JR.,BOS,CF,L,18,HOT,75,78,70,79,81,84,59,94,227,148,,,,,,,S,F,,,,
YOLMER SANCHEZ,CWS,3B,S,18,HOT,76,77,75,78,82,84,61,86,230,152,,,F,F,S,,,,,,,
FRANCISCO LINDOR,CLE,SS,S,17,HOT,78,80,76,80,85,87,61,99,241,156,,,,S,,,,,,,,
ANDRES GIMENEZ,CLE,2B,L,22,ALL STAR,78,86,85,70,84,82,62,107,241,171,,,S,F,,,,,,,,
JOSE IGLESIAS,DET,SS,R,16,HOT,75,77,75,76,81,83,59,93,228,152,,,,S,,,,,,,,
JAKE MARISNICK,HOU,CF,R,15,STAR,79,78,79,75,92,86,65,96,232,157,,,,,,F,S,F,,,,
JOSE ALTUVE,HOU,2B,R,16,HOT,77,78,74,74,81,83,73,93,226,152,,,S,F,,,,,,,,
NICKY LOPEZ,KC,SS,L,21,HOT,79,79,78,80,85,87,66,113,237,157,,,F,S,,,,,,,,
JORGE SOLER,KC,DH,R,19,HOT,76,80,83,81,76,76,61,72,244,163,,,,,,,,S,,,,
WHIT MERRIFIELD,KC,2B,R,17,HOT,75,73,69,69,81,84,75,138,211,142,,F,S,,F,F,,F,,,,
ANDRELTON SIMMONS,LAA,SS,R,18,HOT,75,78,70,79,82,84,58,77,227,148,,,,S,,,,,,,,
MITCH GARVER,MIN,C,R,19,HOT,78,80,82,81,80,86,60,63,243,162,S,F,,,,,,,,,,
NELSON CRUZ,MIN,DH,R,19,HOT,76,81,83,81,75,75,62,50,245,164,,,,,,,,,,,,
LUIS ARRAEZ,MIN,1B,L,22,ALL STAR,75,91,79,89,68,71,53,75,259,170,,S,C,,F,,,,,,,
AARON JUDGE,NYY,CF,R,22,ALL MLB,87,92,94,87,90,88,72,83,273,186,,,,,,,S,S,,,,
AARON JUDGE,NYY,CF,R,22,BEST BATTER,85,93,95,85,84,81,73,83,273,188,,,,,,,S,S,,,,
DJ LeMAHIEU,NYY,2B,R,19,POY MVP,84,93,83,86,90,88,65,76,262,176,,F,S,,D,,,,,,,
HARRISON BADER,NYY,CF,R,22,POST SEASON,81,85,87,88,76,80,71,102,260,172,,,,,,,S,,,,,
JOSE TREVINO,NYY,C,R,22,ALL STAR,75,71,78,76,89,83,54,49,225,149,S,,,,,,,,,,,
JACE PETERSON,OAK,3B,L,23,SIGNING STAR,82,85,84,90,86,84,64,101,259,169,,,,,S,,,,,,,
MATT OLSON,OAK,1B,L,19,HOT,78,80,82,81,81,85,60,63,243,162,,S,,,,,,,,,,
TY FRANCE,SEA,1B,R,22,ALL STAR,80,90,87,82,84,88,50,48,259,177,,S,,,,,,,,,,
TOM MURPHY,SEA,C,R,19,HOT,76,79,79,79,77,84,59,62,237,158,S,,,,,F,,,,,,
RANDY AROZARENA,TB,LF,R,22,POST SEASON,80,77,76,67,88,88,85,115,220,153,,,,,,S,,E,,,,
AUSTIN MEADOWS,TB,RF,L,19,HOT,77,80,80,80,74,84,65,90,240,160,,,,,,D,F,S,,,,
WILLY ADAMES,TB,SS,R,19,HOT,76,78,77,78,82,83,59,92,233,155,,,,S,,,,,,,,
ALEJANDRO KIRK,TOR,C,R,22,ALL STAR,81,90,88,89,88,82,50,48,267,178,S,,,,,,,,,,,
TEOSCAR HERNANDEZ,TOR,RF,R,22,WC,80,72,83,67,92,90,77,104,222,155,,,,,,F,,S,,,,
SANTIAGO ESPINAL,TOR,2B,R,22,ALL STAR,78,82,80,75,90,86,56,82,237,162,,,S,F,F,,,,,,,
WILLSON CONTRERAS,CHC,C,R,22,ALL STAR,81,84,90,83,91,82,57,87,257,174,S,,,,,,,,,,,
WIL MYERS,CIN,RF,R,23,SIGNING STAR,81,86,91,82,80,84,64,97,259,177,,,,,,,,S,,,,
JOSE IGLESIAS,CIN,SS,R,19,HOT,76,79,76,78,81,84,59,78,233,155,,,,S,,,,,,,,
COREY DICKERSON,COL,LF,L,14,HOT,76,79,79,78,76,85,60,85,236,158,,,,,,S,F,,,,,
MOOKIE BETTS,LAD,RF,R,22,POY MVP,84,86,91,82,93,89,64,102,259,177,,,F,,,,,S,,,,
DEE STRANGE-GORDON,LAD,2B,L,14,HOT,78,79,76,77,83,85,69,42,232,155,,,S,,,,,,,,,
CODY BELLINGER,LAD,CF,L,22,STAR,76,75,83,76,78,85,60,101,234,158,,,,,,,S,,,,,
JAZZ CHISHOLM JR.,MIA,CF,L,23,POM PI,80,78,84,72,90,86,71,119,234,162,,,,,,,S,,,,,
GIANCARLO STANTON,MIA,RF,R,14,HOT,75,77,73,73,78,83,67,78,223,150,,,,,,,,S,,,,
LORENZO CAIN,MIL,CF,R,18,HOT,79,80,78,81,84,85,67,105,239,158,,,,,,,S,,,,,
ROWDY TELLEZ,MIL,1B,L,22,STAR,76,74,84,81,88,81,49,43,239,158,,S,,,,,,,,,,
TRAVIS D'ARNAUD,NYM,C,R,15,STAR,79,85,86,84,82,86,52,69,255,171,S,,,,,,,,,,,
EDUARDO ESCOBAR,NYM,3B,S,22,WC,78,75,78,71,89,89,67,84,224,153,,,F,,S,,,,,,,
J.T. REALMUTO,PHI,C,R,22,BEST FIELDER,85,85,88,80,94,89,75,105,253,173,S,F,,,,,,,,,,
J.T. REALMUTO,PHI,C,R,22,WS,81,84,83,77,92,87,64,105,244,167,S,F,,,,,,,,,,
RHYS HOSKINS,PHI,1B,R,22,POST SEASON,80,83,87,79,92,87,53,63,249,170,,S,,,,,,,,,,
JACOB STALLINGS,PIT,C,R,21,HOT,76,76,77,77,83,85,59,41,230,153,S,F,,,,,,,,,,
JUSTIN UPTON,SD,LF,R,15,HOT,75,74,69,71,80,85,72,86,214,143,,,,,,S,,,,,,
JOC PEDERSON,SF,LF,L,22,ALL STAR,75,80,90,71,69,88,53,60,241,170,,,,,,S,,F,,,,
HARRISON BADER,STL,CF,R,21,HOT,77,78,79,78,79,85,64,102,235,157,,,,,,,S,,,,,
ANTHONY SANTANDER,BAL,RF,S,23,POM PI,80,88,90,83,74,86,59,68,261,178,,F,,,,,,S,,,,
JONATHAN SCHOOP,BAL,2B,R,15,STAR,79,85,86,78,88,85,52,72,249,171,,,S,,,,,,,,,
CEDRIC MULLINS,BAL,CF,L,21,HOT,79,79,82,80,82,86,65,125,241,161,,,,,,,S,,,,,
ADLEY RUTSCHMAN,BAL,C,S,22,STAR,79,83,81,88,85,81,56,81,252,164,S,,,,,,,,,,,
NELSON CRUZ,BAL,LF,R,14,HOT,76,79,81,77,75,84,60,55,237,160,,,,,,S,,F,,,,
XANDER BOGAERTS,BOS,SS,R,22,BEST BATTER,84,93,89,85,87,83,67,103,267,182,,,,S,,,,,,,,
JUSTIN TURNER,BOS,1B,R,23,SIGNING STAR,83,94,92,89,82,81,60,52,275,186,,S,,,,,,,,,,
YU CHANG,BOS,SS,R,23,POM PI,80,74,87,79,87,88,65,87,240,161,,,F,S,F,,,,,,,
MASATAKA YOSHIDA,BOS,LF,L,23,POM PI,80,87,83,83,88,81,58,65,253,170,,,,,,S,,,,,,
CHRISTIAN VAZQUEZ,BOS,C,R,20,HOT,76,77,76,78,82,83,60,54,231,153,,,,,,,,,,,,
ANDREW BENINTENDI,CWS,LF,L,23,SIGNING STAR,84,91,81,85,88,90,69,85,257,172,,,,,,S,,,,,,
LUIS ROBERT,CWS,CF,R,23,POM PI,81,86,89,80,89,84,58,108,255,175,,,,,,,S,,,,,
JAKE BURGER,CWS,3B,R,23,POM PI,80,79,93,79,85,86,58,87,251,172,,F,,,S,,,,,,,
AVISAIL GARCIA,CWS,RF,R,17,HOT,78,78,78,79,85,85,63,100,235,156,,,,,,,S,,,,,
JOSH HARRISON,CWS,2B,R,22,STAR,75,81,75,80,83,81,50,87,236,156,,,S,F,F,F,,,,,,
JOSE ABREU,CWS,1B,R,17,HOT,75,76,72,72,79,85,66,63,220,148,,S,,,,,,,,,,
AJ POLLOCK,CWS,LF,R,22,STAR,75,78,78,77,87,81,49,90,233,156,,,,,,S,F,F,,,,
STEVEN KWAN,CLE,LF,L,22,BEST FIELDER,85,87,79,86,94,90,74,89,252,166,,,,,,S,F,F,,,,
MYLES STRAW,CLE,CF,R,22,BEST FIELDER,83,80,73,81,97,93,74,128,234,153,,,,,,,S,,,,,
MIKE ZUNINO,CLE,C,R,23,SIGNING STAR,82,78,91,82,94,87,60,59,251,169,S,,,,,,,,,,,
JOSH BELL,CLE,1B,S,23,SIGNING STAR,82,91,93,87,80,80,61,72,271,184,,S,,,,,,,,,,
ROBERTO PEREZ,CLE,C,R,15,STAR,79,79,82,86,88,85,54,55,247,161,S,,,,,,,,,,,
WILL BRENNAN,CLE,RF,L,23,POM PI,78,77,75,78,89,87,62,89,230,152,,,,,,F,F,S,,,,
GABRIEL ARIAS,CLE,RF,R,23,POM PI,78,79,87,84,83,75,60,85,250,166,,F,,F,F,,,S,,,,
OWEN MILLER,CLE,DH,R,22,POST SEASON,77,80,77,82,89,77,57,93,239,157,,S,E,,F,,,,,,,
AMED ROSARIO,CLE,SS,R,21,HOT,76,76,76,76,80,83,65,108,228,152,,,,S,,,F,,,,,
MICHAEL BRANTLEY,CLE,LF,L,18,HOT,75,73,69,71,82,87,68,61,213,142,,,,,,S,,,,,,
CARLOS SANTANA,CLE,1B,S,17,HOT,75,76,76,77,79,83,59,58,229,152,,S,,,,,,F,,,,
MIGUEL CABRERA,DET,1B,R,15,STAR,81,88,87,86,90,86,49,43,261,175,,S,,,,,,,,,,
ZACH MCKINSTRY,DET,3B,L,23,POM PI,79,86,78,88,76,79,67,91,252,164,,,C,,S,F,,S,,,,
JAKE BURGER,DET,C,R,23,POM PI,79,77,84,82,89,83,59,79,243,161,S,,,,,,,,,,,
JAVIER BAEZ,DET,SS,R,22,STAR,79,80,81,76,92,86,59,104,237,161,,,,S,,,,,,,,
JONATHAN SCHOOP,DET,2B,R,20,HOT,77,78,78,79,83,85,59,76,235,156,,,S,,,,,,,,,
ROBBIE GROSSMAN,DET,LF,S,21,HOT,76,76,78,78,75,85,64,107,232,154,,,,,,S,,S,,,,
JONATHAN SCHOOP,DET,2B,R,22,STAR,76,74,76,74,91,86,55,76,224,150,,F,S,,,,,,,,,
RILEY GREENE,DET,CF,L,22,STAR,75,83,76,82,72,85,52,80,241,159,,,,,,,S,,,,,
MIGUEL CABRERA,DET,DH,R,22,ALL STAR,75,87,88,80,70,70,55,42,255,175,,,,,,,,,,,,
J.D. MARTINEZ,DET,RF,R,15,HOT,75,76,70,72,83,84,65,72,218,146,,,,,,,,S,,,,
ERIC HAASE,DET,C,R,22,STAR,75,82,83,78,79,77,51,89,243,165,S,,,,,F,,,,,,
YORDAN ALVAREZ,HOU,DH,L,22,ALL MLB,86,92,94,88,88,88,66,65,274,186,,,,,,,,,,,,
YORDAN ALVAREZ,HOU,DH,L,19,POY ROY,84,94,92,91,79,79,69,65,277,186,,,,,,,,,,,,
JEREMY PENA,HOU,SS,R,22,BEST FIELDER,84,84,87,75,98,92,68,93,246,171,,,,S,,,,,,,,
JOSE ABREU,HOU,1B,R,23,SIGNING STAR,84,91,90,83,92,88,60,67,264,181,,S,,,,,,,,,,
GEORGE SPRINGER,HOU,CF,R,19,POY MVP,84,87,92,87,85,87,66,92,266,179,,,,,,,S,D,,,,
YORDAN ALVAREZ,HOU,DH,L,22,BEST BATTER,83,94,96,87,79,79,63,65,277,190,,,,,,,,,,,,
YORDAN ALVAREZ,HOU,DH,L,22,STAR,81,89,90,87,80,80,60,65,266,179,,,,,,,,,,,,
YORDAN ALVAREZ,HOU,LF,L,22,WS,81,84,87,85,93,89,48,65,256,171,,,,,,S,,,,,,
MARTIN MALDONADO,HOU,C,R,23,POM PI,78,73,74,79,95,89,58,41,226,147,S,,,,,,,,,,,
MARWIN GONZALEZ,HOU,LF,S,17,HOT,77,78,79,79,77,86,63,70,236,157,,E,F,S,F,S,,F,,,,
GEORGE SPRINGER,HOU,CF,R,17,HOT,77,78,80,79,77,85,63,88,237,158,,,,,,,S,S,,,,
CHAS MCCORMICK,HOU,CF,R,22,CS,77,77,86,85,78,84,52,93,248,163,,,,,,S,S,,,,,
JASON CASTRO (N/A),HOU,C,L,16,HOT,75,76,76,76,81,83,58,68,228,152,S,F,,,,,,,,,,
MICHAEL MASSEY,KC,2B,L,23,POM PI,81,86,85,81,87,86,61,72,252,171,,,S,,,,,,,,,
BOBBY WITT JR.,KC,SS,R,22,STAR,79,82,82,76,82,80,72,94,240,164,,,,S,E,,,,,,,
MJ MELENDEZ,KC,RF,L,23,POM PI,78,76,81,80,86,86,59,83,237,157,E,,,,,,,S,,,,
ERIC HOSMER,KC,1B,L,15,HOT,76,77,76,78,82,84,59,82,231,153,,S,,,,,,F,,,,
VINNIE PASQUANTINO,KC,1B,L,22,STAR,75,86,79,88,74,74,49,45,253,165,,S,,,,,,,,,,
SALVADOR PEREZ,KC,C,R,22,STAR,75,81,86,74,83,77,49,51,241,167,S,,,,,,,,,,,
SHOHEI OHTANI,LAA,DH,L,22,ALL MLB,85,92,96,89,77,77,79,118,277,188,,,,,,,,,,,,
MIKE TROUT,LAA,CF,R,22,BEST BATTER,84,91,95,84,84,87,63,94,270,186,,,,,,,S,,,,,
SHOHEI OHTANI,LAA,DH,L,22,POY MVP,83,91,96,88,75,75,73,118,275,187,,,,,,,,,,,,
MIKE TROUT,LAA,CF,R,22,POY MVP,83,87,91,82,87,88,63,94,260,178,,,,,,,S,,,,,
BRANDON DRURY,LAA,1B,R,23,SIGNING STAR,83,88,95,80,85,85,65,75,263,183,,S,,,,,,,,,,
SHOHEI OHTANI,LAA,DH,L,22,STAR,80,86,90,86,76,76,66,118,262,176,,,,,,,,,,,,
TAYLOR WARD,LAA,LF,R,23,POM PI,79,75,78,81,94,88,58,85,234,153,,,,,,S,,,,,,
MATT THAISS,LAA,C,L,23,POM PI,79,90,81,83,77,80,63,51,254,171,S,F,,,,,,,,,,
KOLE CALHOUN,LAA,RF,L,15,HOT,76,77,77,77,80,84,61,66,231,154,,F,,,,,,S,,,,
SHOHEI OHTANI,LAA,DH,L,22,ALL STAR,75,81,90,77,68,68,66,118,248,171,,,,,,,,,,,,
NELSON CRUZ,MIN,DH,R,19,POY MVP,83,95,96,87,79,78,63,57,278,191,,,,,,,,,,,,
CHRISTIAN VAZQUEZ,MIN,C,R,23,SIGNING STAR,82,89,79,84,92,88,60,55,252,168,S,,,,,,,,,,,
EDDIE ROSARIO,MIN,LF,L,15,STAR,80,84,85,75,92,88,56,101,244,169,,,,,,S,F,F,,,,
MAX KEPLER,MIN,RF,L,23,POM PI,79,81,85,80,75,90,63,93,246,166,,,,,,,,S,,,,
BYRON BUXTON,MIN,CF,R,22,STAR,79,78,90,80,85,82,59,101,248,168,,,,,,,S,,,,,
JORGE POLANCO,MIN,2B,S,22,STAR,78,77,82,86,87,82,54,102,245,159,,,S,F,,,,,,,,
CARLOS CORREA,MIN,SS,R,23,POM PI,78,76,82,81,85,85,59,75,239,158,,,,S,,,,,,,,
MIGUEL SANO,MIN,3B,R,19,HOT,76,78,80,79,79,82,58,67,237,158,,F,,,S,,,,,,,
NICK GORDON,MIN,LF,L,22,STAR,75,83,78,76,78,79,56,98,237,161,,,D,F,,S,E,,,,,
JOSH DONALDSON,MIN,3B,R,21,HOT,75,76,74,78,81,85,56,43,228,150,,,,,S,,,,,,,
GARY SANCHEZ,MIN,C,R,22,STAR,75,74,80,77,89,80,50,52,231,154,S,F,,,,,,,,,,
EDDIE ROSARIO,MIN,LF,L,17,HOT,75,76,77,76,78,84,59,92,229,153,,,,,,S,F,F,,,,
JORGE POSADA,NYY,C,S,,LEGEND,90,92,95,96,91,91,75,60,283,187,S,F,F,,,,,,,,,
AARON JUDGE,NYY,CF,R,23,POM POM,85,93,94,89,77,87,70,78,276,187,,,,,,,F,S,,,,
DJ LeMAHIEU,NYY,3B,R,22,BEST FIELDER,84,84,82,86,96,93,63,76,252,166,,D,S,,S,,,,,,,
OSWALDO CABRERA,NYY,LF,S,23,POM PI,78,78,76,77,77,92,68,88,231,154,,F,F,F,F,S,,F,,,,
DJ LeMAHIEU,NYY,3B,R,22,STAR,78,84,79,89,82,79,55,76,252,163,,D,S,,S,,,,,,,
JOSE TREVINO,NYY,C,R,22,POST SEASON,77,79,69,67,90,89,68,49,215,148,S,,,,,,,,,,,
GIANCARLO STANTON,NYY,DH,R,22,POST SEASON,77,80,90,82,82,79,49,47,252,170,,,,,,F,,S,,,,
GIO URSHELA,NYY,3B,R,20,HOT,75,77,76,79,79,82,57,47,232,153,,,,,S,,,,,,,
DIDI GREGORIUS,NYY,SS,L,15,HOT,75,78,70,78,83,84,57,94,226,148,,,,S,,,,,,,,
MATT CHAPMAN,OAK,3B,R,19,POY MVP,83,81,88,81,94,90,64,89,250,169,,,,,S,,,,,,,
SEAN MURPHY,OAK,C,R,22,STAR,79,82,82,83,89,84,54,61,247,164,S,,,,,,,,,,,
MARK CANHA,OAK,1B,R,15,STAR,79,81,85,80,86,84,58,100,246,166,,S,,,F,S,,F,,,,
ESTEURY RUIZ,OAK,CF,R,23,POM PI,79,80,72,75,90,86,71,93,227,152,,,,,,,S,,,,,
RAMON LAUREANO,OAK,RF,R,23,POM PI,78,78,84,76,83,86,61,94,238,162,,,,,,,F,S,,,,
JED LOWRIE (N/A),OAK,2B,S,17,HOT,75,74,70,70,84,87,65,60,214,144,,,S,,F,,,,,,,
TEOSCAR HERNANDEZ,SEA,RF,R,23,SIGNING STAR,83,85,91,80,92,86,64,105,256,176,,,,,,,,S,,,,
JARRED KELENIC,SEA,LF,L,23,POM PI,80,87,91,79,71,87,65,88,257,178,,,,,,S,F,F,,,,
MITCH HANIGER,SEA,RF,R,22,POST SEASON,77,81,77,83,81,87,53,77,241,158,,,,,,,,S,,,,
DYLAN MOORE,SEA,LF,R,22,POST SEASON,77,80,77,83,74,77,71,115,240,157,,F,F,E,F,S,F,B,,,,
CAL RALEIGH,SEA,C,S,22,POST SEASON,77,73,79,67,87,89,67,73,219,152,S,,,,,,,,,,,
MITCH HANIGER,SEA,RF,R,21,HOT,75,77,77,77,78,85,56,76,231,154,,,,,,,,S,,,,
JEAN SEGURA,SEA,SS,R,18,HOT,75,73,68,70,82,84,73,93,211,141,,,,S,,,,,,,,
BRANDON LOWE,TB,2B,L,19,POY ROY,83,86,86,83,90,87,66,85,255,172,,F,S,,,F,,F,,,,
YANDY DIAZ,TB,3B,R,22,STAR,79,87,77,89,84,85,52,74,253,164,,F,,,S,,,,,,,
JOSE SIRI,TB,CF,R,23,POM PI,79,80,91,80,74,86,63,96,251,171,,,,,,,S,,,,,
EVAN LONGORIA,TB,3B,R,09,HOT,79,80,82,81,83,85,63,73,243,162,,,,,S,,,,,,,
ISAAC PAREDES,TB,3B,R,22,POST SEASON,77,74,72,67,91,91,67,64,213,146,,D,A,,S,,,,,,,
MANUEL MARGOT,TB,RF,R,22,STAR,76,84,75,83,80,79,55,111,242,159,,,,,,F,F,S,,,,
KEVIN KIERMAIER,TB,CF,L,17,HOT,75,73,69,69,82,88,69,112,220,142,,,,,,,S,,,,,
JI-MAN CHOI,TB,1B,L,22,STAR,75,77,79,84,80,81,49,49,240,156,,S,,,,,,,,,,
NATHANIEL LOWE,TEX,1B,L,22,BEST BATTER,84,92,93,83,89,84,63,72,268,185,,S,,,,,,,,,,
JOSH JUNG,TEX,3B,R,23,POM ROM,82,87,88,78,90,85,64,72,253,175,,,,,S,,,,,,,
JOSH JUNG,TEX,3B,R,23,POM ROM,82,84,88,77,93,88,62,71,249,172,,,,,S,,,,,,,
ROUGNED ODOR,TEX,2B,L,15,STAR,80,82,86,80,92,87,53,87,248,168,,,S,,,,,,,,,
TRAVIS JANKOWSKI,TEX,LF,L,23,POM PI,79,89,76,87,74,82,66,93,252,165,,,,,,S,S,F,,,,
JONAH HEIM,TEX,C,S,22,STAR,78,78,83,83,89,83,52,63,244,161,S,,,,,,,,,,,
ELVIS ANDRUS,TEX,SS,R,11,HOT,78,80,77,77,84,85,65,89,234,157,,,,S,,,,,,,,
ROUGNED ODOR,TEX,2B,L,18,HOT,76,76,76,77,81,82,64,87,229,152,,,S,,,,,,,,,
ROBINSON CHIRINOS,TEX,C,R,17,HOT,75,76,76,77,78,85,58,43,229,152,S,,,,,,,,,,,
JOEY GALLO,TEX,3B,L,17,HOT,75,75,78,76,79,83,59,89,229,153,,C,,,S,F,,,,,,
JOEY GALLO,TEX,CF,L,19,HOT,75,73,73,71,79,87,67,87,217,146,,,,,,F,S,,,,,
ALEJANDRO KIRK,TOR,C,R,22,BEST BATTER,84,91,88,88,89,85,63,48,267,179,S,,,,,,,,,,,
MATT CHAPMAN,TOR,3B,R,22,POST SEASON,79,76,79,70,92,89,68,89,225,155,,,,,S,,,,,,,
DAULTON VARSHO,TOR,LF,L,23,POM PI,78,76,86,74,88,84,60,92,236,162,,,,,,S,F,,,,,
KEVIN PILLAR,TOR,CF,R,15,HOT,77,78,76,78,80,85,65,102,232,154,,,,,,F,S,F,,,,
RANDAL GRICHUK,TOR,RF,R,18,HOT,76,77,78,78,79,85,59,89,233,155,,,,,,F,F,S,,,,
TEOSCAR HERNANDEZ,TOR,RF,R,20,HOT,75,74,70,71,84,83,68,105,215,144,,,,,,,F,S,,,,
LOURDES GURRIEL JR.,TOR,LF,R,20,HOT,75,78,72,78,81,85,56,67,228,150,,F,,,,S,,,,,,
GABRIEL MORENO,AZ,C,R,23,SIGNING STAR,85,93,83,83,95,89,67,83,259,176,S,,,,,,,,,,,
CHRISTIAN WALKER,AZ,1B,R,22,BEST FIELDER,84,82,90,81,97,91,63,78,253,172,,S,,,,,,,,,,
KETEL MARTE,AZ,2B,S,23,POM PI,80,84,83,79,89,83,62,81,246,167,,,S,,,,F,,,,,
ENDER INCIARTE,AZ,RF,L,15,STAR,80,87,79,82,84,86,62,93,248,166,,,,,,D,F,S,,,,
JUSTIN UPTON,AZ,RF,R,09,HOT,77,78,80,79,77,85,63,86,237,158,,,,,,,,S,,,,
JAKE LAMB,AZ,3B,L,16,HOT,77,78,79,77,82,84,62,75,234,157,,,,,S,,,,,,,
DANSBY SWANSON,ATL,SS,R,22,BEST FIELDER,85,85,87,79,94,91,74,102,251,172,,,,S,,,,,,,,
SEAN MURPHY,ATL,C,R,23,SIGNING STAR,83,87,92,85,85,89,60,62,264,179,S,,,,,,,,,,,
AUSTIN RILEY,ATL,3B,R,22,POY MVP,83,85,90,80,92,88,63,84,255,175,,,,,S,,,,,,,
DANSBY SWANSON,ATL,SS,R,22,ALL STAR,82,88,90,75,85,82,72,102,253,178,,,,S,,,,,,,,
JACE PETERSON,ATL,2B,L,15,STAR,79,80,76,81,92,87,58,99,237,156,,,S,,,,,,,,,
KEVIN PILLAR,ATL,LF,R,23,POM PI,78,85,91,77,74,78,63,99,253,176,,,,,,S,F,F,,,,
TRAVIS D'ARNAUD,ATL,C,R,22,POST SEASON,77,76,77,67,86,89,67,65,220,153,S,,,,,,,,,,,
ORLANDO ARCIA,ATL,2B,R,22,POST SEASON,77,84,85,85,79,79,50,70,254,169,,,S,F,F,F,,,,,,
OZZIE ALBIES,ATL,2B,S,21,HOT,77,78,76,78,85,85,60,112,232,154,,,S,,,,,,,,,
WILLIAM CONTRERAS,ATL,C,R,22,ALL STAR,75,73,86,74,79,84,54,67,233,159,S,,,,,F,,,,,,
TRAVIS D'ARNAUD,ATL,C,R,22,ALL STAR,75,79,85,67,81,88,50,65,231,164,S,,,,,,,,,,,
ENDER INCIARTE,ATL,CF,L,17,HOT,75,76,75,76,78,83,62,82,227,151,,,,,,,S,,,,,
DANSBY SWANSON,CHC,SS,R,23,SIGNING STAR,84,86,90,80,92,86,70,102,256,176,,,,S,,,,,,,,
IAN HAPP,CHC,LF,S,22,ALL STAR,82,85,85,82,91,88,61,95,252,170,,,,,,S,F,,,,,
KRIS BRYANT,CHC,3B,R,15,STAR,81,83,87,82,90,87,57,100,252,170,,F,,,S,F,F,F,,,,
SEIYA SUZUKI,CHC,RF,R,23,POM PI,80,86,87,82,81,83,61,89,255,173,,,,,,,,S,,,,
TJ FRIEDL,CIN,CF,L,23,POM PI,79,89,82,81,74,87,61,90,252,171,,,,,,F,S,F,,,,
JAKE FRALEY,CIN,LF,L,22,STAR,79,83,81,84,83,84,59,84,248,164,,,,,,S,F,D,,,,
JESSE WINKER,CIN,LF,L,21,HOT,76,77,79,78,78,85,59,55,234,156,,,,,,S,F,F,,,,
BILLY HAMILTON,CIN,CF,S,14,HOT,76,76,74,75,82,83,66,103,225,150,,,,,,,S,,,,,
JONATHAN INDIA,CIN,2B,R,22,STAR,75,80,77,81,81,79,52,96,238,157,,,S,,,,,,,,,
JURICKSON PROFAR,COL,LF,S,23,SIGNING STAR,82,91,89,86,78,83,65,91,266,180,,,,,,S,,,,,,
ELIAS DIAZ,COL,C,R,23,POM PI,80,86,85,81,89,81,58,52,252,171,S,,,,,,,,,,,
RYAN MCMAHON,COL,3B,L,22,STAR,79,80,81,80,92,87,54,66,241,161,,F,F,,S,,,,,,,
KRIS BRYANT,COL,RF,R,23,POM PI,79,86,83,82,75,90,58,80,251,169,,,,,,F,,S,,,,
C.J. CRON,COL,1B,R,22,ALL STAR,79,87,90,72,87,88,50,57,249,177,,S,,,,,,,,,,
DJ LeMAHIEU,COL,2B,R,16,HOT,78,80,78,79,84,85,62,81,237,158,,,S,,,,,,,,,
TREVOR STORY,COL,SS,R,18,HOT,77,75,72,72,83,84,76,124,219,147,,,,S,,,,,,,,
CHARLIE BLACKMON,COL,CF,L,16,HOT,76,80,75,79,78,85,59,85,234,155,,,,,,,S,,,,,
MOOKIE BETTS,LAD,RF,R,22,BEST FIELDER,85,84,89,81,95,92,69,102,254,173,,,F,,,,,S,,,,
TREA TURNER,LAD,SS,R,22,ALL STAR,82,88,88,75,80,81,80,132,251,176,,,,S,,,,,,,,
J.D. MARTINEZ,LAD,DH,R,23,SIGNING STAR,82,93,95,88,76,76,64,64,276,188,,,,,,,,,,,,
FREDDIE FREEMAN,LAD,1B,L,22,ALL STAR,82,89,88,82,85,83,65,82,259,177,,S,,,,,,,,,,
WILL SMITH,LAD,C,R,21,HOT,78,78,80,79,82,85,64,85,237,158,S,F,,,F,,,,,,,
CODY BELLINGER,LAD,CF,L,20,HOT,76,78,78,79,76,84,61,104,235,156,,F,,,,,S,F,,,,
JUSTIN TURNER,LAD,3B,R,16,HOT,75,76,72,72,80,84,66,59,220,148,,F,,,,,,,,,,
JEAN SEGURA,MIA,3B,R,23,SIGNING STAR,82,85,76,81,94,88,68,90,242,161,,,,,S,,,,,,,
GIANCARLO STANTON,MIA,RF,R,15,STAR,80,83,90,81,88,86,52,76,254,173,,,,,,,,S,,,,
NICK FORTES,MIA,C,R,23,POM PI,78,85,80,79,83,79,62,85,244,165,S,,,,,,,,,,,
JON BERTI,MIA,2B,R,22,STAR,78,80,75,85,78,76,74,115,240,155,,,S,F,S,F,F,,,,,
GARRETT COOPER,MIA,1B,R,22,ALL STAR,75,90,82,78,76,74,50,65,250,172,,S,,,,,,,,,,
WILLIAM CONTRERAS,MIL,C,R,23,SIGNING STAR,82,88,95,84,81,82,62,76,267,183,S,,,,,,,,,,,
OWEN MILLER,MIL,2B,R,23,POM PI,80,87,88,82,81,81,61,92,257,175,,F,S,,S,F,,,,,,
WILLY ADAMES,MIL,SS,R,22,STAR,79,79,85,77,89,85,59,87,241,164,,,,S,,,,,,,,
MARTIN MALDONADO,MIL,C,R,15,STAR,79,82,81,85,89,85,52,49,248,163,S,F,,,,,,,,,,
MIKE BROSSEAU,MIL,3B,R,23,POM PI,78,80,86,81,81,81,59,85,247,166,,,,,S,,,,,,,
PETE ALONSO,NYM,1B,R,19,POY ROY,84,80,93,82,94,90,65,57,255,173,,S,,,,,,,,,,
PETE ALONSO,NYM,1B,R,19,POY MVP,84,80,94,82,95,90,63,57,256,174,,S,,,,,,,,,,
JEFF MCNEIL,NYM,2B,L,22,BEST BATTER,84,94,86,86,89,85,64,76,266,180,,,S,,F,F,,F,,,,
PETE ALONSO,NYM,1B,R,22,POY MVP,83,85,90,81,92,87,63,57,256,175,,S,,,,,,,,,,
TOMMY PHAM,NYM,LF,R,23,SIGNING STAR,80,84,87,88,72,79,70,106,259,171,,,,,,S,,,,,,
PETE ALONSO,NYM,1B,R,22,WC,80,75,79,72,92,87,75,57,226,154,,S,,,,,,,,,,
STARLING MARTE,NYM,RF,R,23,POM PI,79,77,72,80,87,89,69,128,229,149,,,,,,,,S,,,,
JEFF MCNEIL,NYM,2B,L,22,ALL STAR,78,90,79,84,81,80,54,76,253,169,,,S,,F,C,,F,,,,
J.D. DAVIS,NYM,LF,R,19,HOT,76,79,78,79,78,83,59,60,236,157,,,,,F,S,,,,,,
TRAVIS D'ARNAUD,NYM,C,R,14,HOT,75,78,70,77,82,87,56,69,225,148,S,,,,,,,,,,,
JEFF MCNEIL,NYM,LF,L,20,HOT,75,79,77,80,73,83,58,76,236,156,,,F,,F,S,,,,,,
FRANCISCO LINDOR,NYM,SS,S,21,HOT,75,74,72,71,80,84,69,98,217,146,,,,S,,,,,,,,
KYLE SCHWARBER,PHI,LF,L,22,ALL MLB,85,82,93,84,92,90,69,64,259,175,,,,,,S,,,,,,
BRYCE HARPER,PHI,DH,L,22,CS MVP,82,90,90,90,78,80,64,102,270,180,,,,,,,,,,,,
BRYSON STOTT,PHI,2B,L,23,POM PI,80,88,79,76,92,86,59,87,243,167,,,S,,,,,,,,,
BRYCE HARPER,PHI,DH,L,22,WS,80,90,86,86,79,80,59,102,262,176,,,,,,,,,,,,
BRYSON STOTT,PHI,SS,L,22,CS,77,77,77,77,86,85,60,92,231,154,,,S,S,F,,,,,,,
BRYCE HARPER,PHI,RF,L,22,POST SEASON,77,77,76,69,81,85,74,102,222,153,,,,,,,,S,,,,
MAIKEL FRANCO,PHI,3B,R,15,HOT,75,77,76,77,78,84,58,69,230,153,,F,,,S,,,,,,,
CARLOS SANTANA,PHI,1B,S,18,HOT,75,75,76,77,80,85,57,58,228,151,,S,,,F,,,,,,,
CESAR HERNANDEZ,PHI,2B,S,17,HOT,75,76,75,77,80,83,59,94,228,151,,,S,F,,,,,,,,
CONNOR JOE,PIT,RF,R,23,SIGNING STAR,83,85,91,88,78,90,66,73,264,176,,,,,,,,S,,,,
JI HWAN BAE,PIT,CF,L,23,POM PI,80,84,81,79,76,84,76,93,244,165,,,D,F,,,S,,,,,
BRYAN REYNOLDS,PIT,CF,S,22,STAR,79,83,85,82,78,87,59,93,250,168,,,,,,,S,,,,,
JOSH HARRISON,PIT,3B,R,14,HOT,78,81,79,78,79,85,66,87,238,160,,,F,F,S,F,,F,,,,
ONEIL CRUZ,PIT,SS,L,22,STAR,75,76,84,75,80,76,59,94,235,160,,,,S,,F,,,,,,
KEVIN NEWMAN,PIT,2B,R,22,STAR,75,83,74,81,79,76,57,88,238,157,,,S,S,,,,,,,,
JUAN SOTO,SD,RF,L,22,BEST BATTER,84,85,92,86,88,88,65,76,263,177,,,,,,,,S,,,,
TRENT GRISHAM,SD,CF,L,22,BEST FIELDER,83,78,86,81,95,94,64,115,245,164,,,,,,,S,,,,,
JOSH BELL,SD,DH,S,22,BEST BATTER,83,93,94,90,79,79,63,60,277,187,,,,,,,,,,,,
FERNANDO TATIS JR.,SD,SS,R,19,POY ROY,83,89,83,81,87,84,74,122,253,172,,,,S,,,,,,,,
HA-SEONG KIM,SD,2B,R,23,POM PI,81,80,81,84,93,86,62,95,245,161,,,S,F,F,,,,,,,
AUSTIN HEDGES,SD,C,R,15,STAR,79,79,81,84,87,85,58,69,244,160,S,,,,,,,,,,,
HA-SEONG KIM,SD,SS,R,22,POST SEASON,78,77,69,70,90,87,75,94,216,146,,,,S,E,,,,,,,
BRANDON DRURY,SD,1B,R,22,CS,78,89,90,86,77,76,50,71,265,179,,S,D,F,S,,,F,,,,
WIL MYERS,SD,RF,R,20,HOT,77,80,77,81,79,86,59,96,238,157,,F,,,,,,S,,,,
JOSH BELL,SD,DH,S,22,CS,77,81,83,77,92,77,52,60,241,164,,,,,,,,,,,,
YASMANI GRANDAL,SD,C,S,12,HOT,76,79,77,79,79,84,58,42,235,156,S,,,,,,,,,,,
MANUEL MARGOT,SD,CF,R,17,HOT,75,75,74,75,77,82,67,122,224,149,,,,,,,S,,,,,
CORY SPANGENBERG,SD,2B,L,15,HOT,75,77,74,77,77,83,62,92,228,151,,,S,,F,F,F,F,,,,
MICHAEL CONFORTO,SF,RF,L,23,SIGNING STAR,83,88,91,86,83,87,63,87,265,179,,,,,,,,S,,,,
J.D. DAVIS,SF,3B,R,23,POM PI,80,83,82,83,89,84,59,60,248,165,,,,,S,,,,,,,
BLAKE SABOL,SF,C,L,23,POM PI,78,82,92,76,77,76,65,77,250,174,S,,,,,F,,,,,,
MIKE YASTRZEMSKI,SF,RF,L,20,HOT,77,79,79,81,77,85,61,82,239,158,,,,,,F,B,S,,,,
DONOVAN SOLANO,SF,2B,R,20,HOT,76,78,75,78,81,84,60,67,231,153,,,S,F,F,,,,,,,
DARIN RUF,SF,1B,R,21,HOT,76,77,78,78,78,86,59,57,233,155,S,,,,,D,,F,,,,
AUSTIN SLATER,SF,CF,R,22,STAR,76,83,78,86,71,78,60,105,247,161,,,,,,F,S,F,,,,
EVAN LONGORIA,SF,3B,R,22,STAR,75,79,82,80,83,77,49,57,241,161,,,,,S,,,,,,,
BRANDON BELT,SF,1B,L,16,HOT,75,75,71,72,82,85,65,60,218,146,S,,,,,F,,,,,,
NOLAN ARENADO,STL,3B,R,22,BEST FIELDER,85,87,89,84,95,92,63,56,260,176,,,,,S,,,,,,,
WILLSON CONTRERAS,STL,C,R,23,SIGNING STAR,83,83,91,84,94,84,62,89,258,174,S,,,,,,,,,,,
BRENDAN DONOVAN,STL,2B,L,22,POY ROY,83,92,82,91,85,85,63,81,265,174,,F,S,F,S,E,,E,,,,
BRENDAN DONOVAN,STL,2B,L,22,BEST FIELDER,83,88,79,87,90,91,63,81,254,167,,F,S,F,S,E,,E,,,,
TOMMY EDMAN,STL,SS,S,23,POM PI,80,80,83,81,90,83,63,126,244,163,,,F,S,,,,,,,,
OSCAR MERCADO,STL,RF,R,23,SIGNING STAR,80,93,80,83,75,79,70,95,256,173,,,,,,,,S,,,,
TOMMY EDMAN,STL,2B,S,22,POST SEASON,79,81,74,71,83,80,85,126,226,155,,,S,S,F,,F,F,,,,
ANDREW KNIZNER,STL,C,R,23,POM PI,79,82,88,74,88,83,59,52,244,170,S,F,,,,,,,,,,
MATT CARPENTER,STL,3B,L,15,HOT,78,79,79,80,81,85,64,73,238,158,,F,F,,S,,,,,,,
YADIER MOLINA (N/A),STL,C,R,12,HOT,77,78,75,75,83,83,68,42,228,153,S,F,,,,,,,,,,
PAUL DEJONG,STL,SS,R,17,HOT,75,76,77,76,79,84,58,91,229,153,,,F,S,,,,,,,,
MARCELL OZUNA,STL,LF,R,18,HOT,75,77,72,78,81,86,56,83,227,149,,,,,,S,,,,,,
ALBERT PUJOLS (N/A),STL,1B,R,22,ALL STAR,75,81,86,86,67,76,54,42,253,167,,S,,,,,,,,,,
GARY CARTER,WSH,C,R,,LEGEND,90,93,95,93,91,91,77,59,281,188,S,F,,,F,F,,F,,,,
JUAN SOTO,WSH,LF,L,19,POY MVP,84,85,90,89,80,90,70,76,264,175,,,,,,S,,,,,,
LANE THOMAS,WSH,RF,R,23,POM PI,80,85,87,80,82,85,61,98,252,172,,,,,,,F,S,,,,
LUIS GARCIA,WSH,2B,L,23,POM PI,78,78,78,79,89,86,58,76,235,156,,,S,,,,,,,,,
ALCIDES ESCOBAR,WSH,SS,R,21,HOT,75,76,75,76,78,84,61,80,227,151,,,F,S,,,,,,,,
MARK CANHA,OAK,LF,R,21,HOT,75,76,78,78,74,83,61,97,232,154,,F,,,,S,F,F,,,,
TYLER STEPHENSON,CIN,C,R,22,STAR,75,87,79,84,76,75,49,71,250,166,S,F,,,,,,,,,,
CAL RALEIGH,SEA,C,S,23,POM PI,79,78,81,81,91,83,60,76,240,159,S,,,,,,,,,,,
WILL SMITH,LAD,C,R,22,ALL MLB,85,87,92,86,91,89,65,83,265,179,S,,,,,,,,,,,
SPENCER STEER,CIN,1B,R,23,POM ROM,82,87,88,81,89,83,64,89,256,175,,S,,,F,,,,,,,