球員,球隊,位置,方向,姿勢,年份,徽章,OVR,控球,球威,變化,精神,體力,恢復,三圍,球質,球種,4FB,CRV,SLD,CHU,2FB,SNK,CUT,K-CRV,SPL,KNU,FRK,S-CRV,SCR,速差,MAX,MIN,新增日期
BERT BLYLEVEN,MIN,SP,R,,,LEGEND,90,99,90,93,85,89,89,282,B,4,93,,85,82,90,,,,,,,78,,15,93,78,2023-06-14
ANTHONY BANDA,WSH,RP,L,,23,SIGNING STAR,80,84,82,80,79,77,78,246,C,5,95,,86,88,,95,90,,,,,,,9,95,86,2023-06-07
BRAD HAND,COL,RP,L,,23,SIGNING STAR,84,85,94,84,77,81,83,263,C,3,92,,81,,,92,,,,,,,,11,92,81,2023-06-07
CHASEN SHREVE,DET,RP,L,,23,SIGNING STAR,83,85,80,86,82,82,83,251,C,3,90,,83,,,,,,82,,,,,8,90,82,2023-06-07
COLTEN BREWER,NYY,RP,R,,23,SIGNING STAR,82,88,76,92,78,80,78,256,C,5,91,80,85,,,92,93,,,,,,,13,93,80,2023-06-07
DANNY COULOMBE,BAL,RP,L,,23,SIGNING STAR,85,85,91,89,79,82,83,265,B,5,91,,85,76,,91,,80,,,,,,15,91,76,2023-06-07
ERIK SWANSON,TOR,RP,R,,23,SIGNING STAR,85,87,92,91,78,83,84,270,B,3,93,,86,,,,,,84,,,,,9,93,84,2023-06-07
JAMESON TAILLON,CHC,SP,R,,23,SIGNING STAR,82,79,86,84,82,80,81,249,C,5,93,80,81,,,94,90,,,,,,,14,94,80,2023-06-07
JEURYS FAMILIA,OAK,RP,R,,23,SIGNING STAR,81,85,83,83,78,78,79,251,C,4,94,,86,,,94,,,88,,,,,8,94,86,2023-06-07
JOE JIMENEZ,ATL,RP,R,,23,SIGNING STAR,85,85,94,87,80,81,83,266,B,3,94,,82,89,,,,,,,,,,12,94,82,2023-06-07
JOSH TAYLOR,KC,RP,L,,23,SIGNING STAR,83,83,95,86,79,77,78,264,B,4,92,78,85,,,93,,,,,,,,15,93,78,2023-06-07
JUSTIN VERLANDER,NYM,SP,R,,23,SIGNING STAR,84,87,85,91,88,78,75,263,C,4,94,79,87,85,,,,,,,,,,15,94,79,2023-06-07
LUKE WEAVER,CIN,SP,R,,23,SIGNING STAR,82,80,88,85,79,81,79,253,C,5,93,82,,85,92,86,,,,,,,,11,93,82,2023-06-07
MICHAEL WACHA,SD,SP,R,,23,SIGNING STAR,83,86,78,88,84,82,80,252,C,5,92,74,,82,,91,87,,,,,,,18,92,74,2023-06-07
NATHAN EOVALDI,TEX,SP,R,,23,SIGNING STAR,85,90,83,90,89,82,78,263,C,5,96,77,84,,,,91,,88,,,,,19,96,77,2023-06-07
TAIJUAN WALKER,PHI,SP,R,,23,SIGNING STAR,82,82,80,82,82,83,83,244,C,5,93,,82,,,92,87,,88,,,,,11,93,82,2023-06-07
TAYLOR ROGERS,SF,RP,L,,23,SIGNING STAR,84,86,88,89,77,82,83,263,C,4,,79,79,,,93,88,,,,,,,14,93,79,2023-06-07
TREVOR GOTT,SEA,RP,R,側投,23,SIGNING STAR,85,89,87,87,81,83,84,263,C,5,93,80,,85,,93,88,,,,,,,13,93,80,2023-06-07
TREVOR KELLEY,TB,RP,R,低肩,23,SIGNING STAR,82,88,79,90,79,79,78,257,C,3,,,76,79,,89,,,,,,,,13,89,76,2023-06-07
WADE MILEY,MIL,SP,L,,23,SIGNING STAR,82,89,76,89,81,79,78,254,C,5,89,74,78,82,,,86,,,,,,,15,89,74,2023-06-07
JOHN MEANS,BAL,SP,L,,19,POY ROY,83,85,80,85,82,83,83,250,C,4,92,77,83,80,,,,,,,,,,15,92,77,2023-05-10
FELIX BAUTISTA,BAL,CP,R,,23,POM RP/CP,83,85,89,78,75,87,89,252,C,4,99,,85,,,,90,,88,,,,,14,99,85,2023-05-24
KYLE GIBSON,BAL,SP,R,,23,SIGNING STAR,82,85,80,82,83,84,78,247,C,5,92,,81,84,,91,89,,,,,,,11,92,81,2023-04-19
JORGE LOPEZ,BAL,CP,R,,22,ALL STAR,82,92,86,87,73,78,78,265,B,5,97,,87,90,,97,,84,,,,,,13,97,84,
JOHN MEANS,BAL,SP,L,,19,HOT,78,82,82,80,81,76,72,244,C,4,92,77,83,80,,,,,,,,,,15,92,77,
DEAN KREMER,BAL,SP,R,,22,STAR,77,86,76,83,80,71,68,245,C,5,93,76,,83,,92,88,,,,,,,17,93,76,2022-12-28
JORDAN LYLES,BAL,SP,R,,22,STAR,76,74,74,74,79,78,77,222,D,5,92,79,80,86,,91,,,,,,,,13,92,79,2022-12-21
DARREN O'DAY (N/A),BAL,RP,R,低肩,12,HOT,76,79,79,74,79,70,77,232,C,3,85,,77,,,84,,,,,,,,8,85,77,2022-11-30
RICHARD BLEIER,BAL,RP,L,,18,HOT,75,78,78,75,78,69,72,231,C,5,88,,78,81,,87,85,,,,,,,10,88,78,
MYCHAL GIVENS,BAL,RP,R,側投,17,HOT,75,77,77,73,77,73,76,227,D,5,95,,87,86,95,,94,,,,,,,9,95,86,2022-10-26
KEVIN GAUSMAN,BAL,SP,R,,16,HOT,75,76,76,73,76,75,74,225,D,5,94,,79,84,93,,,,84,,,,,15,94,79,2022-09-21
COLE SULSER,BAL,RP,R,,21,HOT,75,78,78,76,77,70,75,232,C,4,93,77,86,83,,,,,,,,,,16,93,77,
KENLEY JANSEN,BOS,CP,R,,23,SIGNING STAR,85,85,90,90,77,84,84,265,B,3,,,84,,,96,95,,,,,,,12,96,84,2023-04-19
JOSH WINCKOWSKI,BOS,RP,R,,23,POM PI,81,85,70,85,82,90,79,240,C,5,93,,84,90,,94,88,,,,,,,10,94,84,2023-05-24
WADE MILEY,BOS,SP,L,,15,STAR,79,85,77,84,76,76,76,246,C,5,90,77,84,83,90,,,,,,,,,13,90,77,2023-03-15
EDUARDO RODRIGUEZ,BOS,SP,L,,15,STAR,79,83,78,82,76,78,77,243,C,4,93,,85,87,92,,,,,,,,,8,93,85,2023-03-15
DAVID PRICE (N/A),BOS,SP,L,,16,HOT,79,82,82,75,82,82,75,239,C,5,93,,,84,92,,88,79,,,,,,14,93,79,2022-11-30
MICHAEL WACHA,BOS,SP,R,,22,STAR,78,83,78,85,80,72,70,246,C,5,93,74,,84,,92,89,,,,,,,19,93,74,2022-12-14
NICK PIVETTA,BOS,SP,R,,22,STAR,77,75,81,75,76,78,77,231,C,4,93,,85,87,,,,77,,,,,,16,93,77,2022-12-14
GARRETT WHITLOCK,BOS,RP,R,,21,HOT,77,79,79,77,80,72,75,235,C,4,96,,83,83,,95,,,,,,,,13,96,83,
MATT BARNES,BOS,RP,R,,18,HOT,76,79,79,78,79,69,75,236,C,3,96,84,,,,,,,89,,,,,12,96,84,
CHRIS SALE,BOS,SP,L,側投,18,HOT,76,78,78,75,78,77,75,231,C,4,95,,79,87,93,,,,,,,,,16,95,79,2022-09-21
NATHAN EOVALDI,BOS,SP,R,,22,STAR,75,78,81,80,77,67,67,239,C,5,96,78,,86,,,91,,87,,,,,18,96,78,2022-12-28
MATT STRAHM,BOS,RP,L,,22,STAR,75,74,80,76,70,76,79,230,C,5,94,82,89,88,,94,,,,,,,,12,94,82,2022-12-14
DANIEL BARD,BOS,RP,R,,11,HOT,75,76,77,74,76,73,76,227,D,4,97,,83,90,97,,,,,,,,,14,97,83,2022-10-26
CRAIG KIMBREL,BOS,CP,R,斜肩,18,HOT,75,78,78,77,76,70,75,233,C,3,97,,,91,,,,86,,,,,,11,97,86,
DYLAN CEASE,CWS,SP,R,,22,ALL MLB,85,96,97,94,77,76,75,287,B,5,97,,87,77,,96,,81,,,,,,20,97,77,2023-02-22
DYLAN CEASE,CWS,SP,R,,22,POY PIT,85,90,93,89,81,80,79,272,B,5,97,,87,77,,96,,81,,,,,,20,97,77,2023-02-01
MIKE CLEVINGER,CWS,SP,R,,23,SIGNING STAR,82,80,82,85,84,81,80,247,C,5,94,77,79,87,,92,,,,,,,,17,94,77,2023-04-19
JOSE QUINTANA,CWS,SP,L,,15,STAR,82,86,80,84,81,80,81,250,C,4,91,79,,85,91,,,,,,,,,12,91,79,2023-03-15
LIAM HENDRIKS,CWS,CP,R,,22,ALL STAR,80,79,88,81,65,83,84,248,C,4,97,85,89,,,,88,,,,,,,12,97,85,
GREGORY SANTOS,CWS,RP,R,,23,POM PI,80,84,80,71,74,88,88,235,C,2,98,,87,,,,,,,,,,,11,98,87,2023-05-24
DYLAN CEASE,CWS,SP,R,,22,STAR,80,88,92,86,76,71,71,266,B,5,97,,87,77,,96,,81,,,,,,20,97,77,2022-12-28
LANCE LYNN,CWS,SP,R,,21,HOT,79,82,82,77,82,79,74,241,C,5,93,82,,87,,92,89,,,,,,,11,93,82,2022-11-30
CHRIS SALE,CWS,SP,L,側投,15,STAR,79,85,84,87,75,72,71,256,C,5,93,,79,86,94,,,,,81,,,,15,94,79,2023-03-15
JOSE QUINTANA,CWS,SP,L,,14,HOT,78,81,81,79,80,76,71,241,C,5,91,80,86,85,91,,,,,,,,,11,91,80,
LUCAS GIOLITO,CWS,SP,R,,22,STAR,77,74,84,74,79,76,75,232,C,4,92,79,84,80,,,,,,,,,,13,92,79,2022-12-28
LANCE LYNN,CWS,SP,R,,22,STAR,76,77,82,82,75,72,68,241,C,5,93,82,86,,,91,89,,,,,,,11,93,82,2022-12-21
MICHAEL KOPECH,CWS,SP,R,,22,STAR,75,78,76,79,75,73,74,233,C,4,95,78,84,85,,,,,,,,,,17,95,78,2022-12-28
LUCAS GIOLITO,CWS,SP,R,,21,HOT,75,76,77,73,76,76,72,226,D,4,93,80,85,81,,,,,,,,,,13,93,80,2022-09-21
JUAN MINAYA,CWS,RP,R,,18,HOT,75,78,78,76,78,70,75,232,C,4,95,85,86,89,,,,,,,,,,10,95,85,
JOE KELLY,CWS,RP,R,,22,STAR,75,74,83,74,70,73,76,231,C,4,97,,,87,,98,,88,,,,,,11,98,87,2022-12-21
CHRIS SALE,CWS,RP,L,側投,11,HOT,75,78,78,77,76,70,74,233,C,4,94,,82,87,95,,,,,,,,,13,95,82,
AARON BUMMER,CWS,RP,L,,21,HOT,75,77,77,74,76,73,76,228,C,4,,,83,88,,95,88,,,,,,,12,95,83,2022-10-26
EMMANUEL CLASE,CLE,CP,R,,22,ALL MLB,86,91,88,92,83,82,84,271,B,3,100,,92,,,,99,,,,,,,8,100,92,2023-02-28
SHANE BIEBER,CLE,SP,R,,19,POY PIT,85,87,92,87,86,82,81,266,B,4,93,,85,87,,,,82,,,,,,11,93,82,2023-05-10
EMMANUEL CLASE,CLE,CP,R,,22,POY SAVE,85,91,88,91,83,80,82,270,B,3,100,,92,,,,99,,,,,,,8,100,92,2023-02-01
EMMANUEL CLASE,CLE,CP,R,,22,ALL STAR,82,92,85,88,74,76,78,265,B,3,100,,92,,,,100,,,,,,,8,100,92,
TREVOR STEPHAN,CLE,RP,R,,22,POST SEASON,81,81,88,88,73,79,82,257,C,3,96,,85,,,,,,87,,,,,11,96,85,2022-10-26
SAM HENTGES,CLE,RP,L,,22,WC,81,91,90,86,78,71,75,267,B,5,96,81,88,,,95,87,,,,,,,15,96,81,2022-10-12
ELI MORGAN,CLE,RP,R,,22,WC,81,81,84,82,81,82,81,247,C,5,92,80,85,76,,,87,,,,,,,16,92,76,2022-10-12
TRISTON MCKENZIE,CLE,SP,R,,22,POST SEASON,80,78,74,83,74,89,87,235,C,3,92,79,87,,,,,,,,,,,13,92,79,2022-10-12
SHANE BIEBER,CLE,SP,R,,22,POST SEASON,80,77,73,79,76,90,87,229,C,5,91,,85,86,,,87,82,,,,,,9,91,82,2022-10-12
EMMANUEL CLASE,CLE,CP,R,,22,POST SEASON,80,91,75,91,79,71,78,257,C,3,100,,92,,,,99,,,,,,,8,100,92,2022-10-12
XZAVION CURRY,CLE,CP,R,,23,POM PI,79,81,70,84,78,88,78,235,C,4,92,73,85,87,,,,,,,,,,19,92,73,2023-05-24
COREY KLUBER,CLE,SP,R,,17,HOT,79,81,81,79,82,81,74,241,C,5,92,84,,85,,92,89,,,,,,,8,92,84,2022-11-30
MIKE CLEVINGER,CLE,SP,R,,18,HOT,78,81,81,79,78,80,74,241,C,4,93,75,79,87,,,,,,,,,,18,93,75,
ZACH PLESAC,CLE,RP,R,,22,POST SEASON,77,79,76,73,76,83,75,228,C,5,92,79,85,85,,89,,,,,,,,13,92,79,2022-10-26
ENYEL DE LOS SANTOS,CLE,RP,R,,22,POST SEASON,77,81,71,79,67,81,83,231,C,4,95,,83,87,,,85,,,,,,,12,95,83,2022-10-26
CODY MORRIS,CLE,RP,R,,22,POST SEASON,77,83,80,80,67,77,75,243,C,4,94,79,,82,,,88,,,,,,,15,94,79,2022-10-26
BRYAN SHAW,CLE,RP,R,,17,HOT,77,78,78,76,80,71,79,232,C,3,95,,82,,,,94,,,,,,,13,95,82,
BRAD HAND,CLE,CP,L,,19,HOT,76,79,79,77,79,69,75,235,C,3,92,,81,,92,,,,,,,,,11,92,81,
OLIVER PEREZ (N/A),CLE,RP,L,側投,18,HOT,75,77,77,74,77,72,75,228,C,3,91,,79,,,92,,,,,,,,13,92,79,2022-10-26
CARLOS CARRASCO,CLE,SP,R,,15,HOT,75,76,76,73,76,75,74,225,D,5,94,83,87,88,94,,,,,,,,,11,94,83,2022-09-21
MATT BOYD,DET,SP,L,,23,SIGNING STAR,82,83,84,87,81,81,76,254,C,5,91,73,79,80,,89,,,,,,,,18,91,73,2023-04-19
JASON FOLEY,DET,RP,R,,23,POM PI,80,84,70,84,76,83,88,238,C,4,96,,85,89,,96,,,,,,,,11,96,85,2023-05-24
GREGORY SOTO,DET,CP,L,,22,ALL STAR,80,79,82,83,67,85,87,244,C,4,98,,89,92,,97,,,,,,,,9,98,89,
JUSTIN VERLANDER,DET,SP,R,,12,HOT,79,82,82,78,82,81,74,242,C,5,94,79,84,85,95,,,,,,,,,16,95,79,2022-11-30
ANIBAL SANCHEZ,DET,SP,R,,13,HOT,79,82,82,80,82,79,74,244,C,5,93,79,86,,,93,,,87,,,,,14,93,79,
MAX SCHERZER,DET,SP,R,側投,13,HOT,78,80,80,77,80,79,77,237,C,4,93,77,85,84,,,,,,,,,,16,93,77,2022-09-21
TARIK SKUBAL,DET,SP,L,,22,STAR,77,82,84,85,80,69,67,251,C,5,93,,89,83,,95,,77,,,,,,18,95,77,2022-12-21
SHANE GREENE,DET,RP,R,,16,HOT,76,79,79,77,79,69,73,235,C,5,92,81,87,85,93,,,,,,,,,12,93,81,
DREW SMYLY,DET,RP,L,,13,HOT,76,78,78,74,78,74,77,230,C,5,90,78,78,,87,,85,,,,,,,12,90,78,2022-10-26
JOE JIMENEZ,DET,RP,R,,18,HOT,75,78,78,76,76,70,76,232,C,4,96,,85,89,92,,,,,,,,,11,96,85,
JUSTIN VERLANDER,HOU,SP,R,,22,ALL MLB,87,91,90,93,84,83,81,274,B,4,95,79,87,86,,,,,,,,,,16,95,79,2023-02-22
FRAMBER VALDEZ,HOU,SP,L,,22,ALL MLB,87,93,90,92,83,83,81,275,B,5,93,79,,89,,94,83,,,,,,,15,94,79,2023-02-28
JUSTIN VERLANDER,HOU,SP,R,,19,POY PIT,86,90,95,91,82,82,81,276,B,4,94,79,87,87,,,,,,,,,,15,94,79,2023-05-10
JUSTIN VERLANDER,HOU,SP,R,,22,POY PIT,86,92,90,93,86,80,78,275,B,4,95,79,87,86,,,,,,,,,,16,95,79,2023-02-01
RYAN PRESSLY,HOU,CP,R,,22,ALL MLB,85,86,91,89,80,81,83,266,B,4,94,80,89,89,,,,,,,,,,14,94,80,2023-02-28
JUSTIN VERLANDER,HOU,SP,R,,22,POY MVP,85,91,89,93,81,82,79,273,B,4,95,79,87,86,,,,,,,,,,16,95,79,2023-02-08
GERRIT COLE,PIT,SP,R,,15,HOT,79,82,82,77,82,81,75,241,C,5,96,,87,88,,95,,81,,,,,,15,96,81,2022-11-30
FRAMBER VALDEZ,HOU,SP,L,,22,POY PIT,85,91,88,89,80,82,80,268,B,5,93,79,,89,,94,83,,,,,,,15,94,79,2023-02-01
GERRIT COLE,HOU,SP,R,,19,POY MVP,85,85,91,85,85,85,84,261,C,5,97,,89,89,97,,,82,,,,,,15,97,82,2023-05-10
RYAN PRESSLY,HOU,CP,R,,22,WS,81,93,84,88,85,68,73,265,B,4,94,80,89,89,,,,,,,,,,14,94,80,2022-11-09
RAFAEL MONTERO,HOU,RP,R,,22,POST SEASON,81,86,80,87,76,80,82,253,C,4,96,,87,91,,95,,,,,,,,9,96,87,2022-10-26
PHIL MATON,HOU,RP,R,,23,POM PI,81,85,81,87,76,82,80,253,C,5,90,74,80,,,90,82,,,,,,,16,90,74,2023-05-24
FRAMBER VALDEZ,HOU,SP,L,,22,WS,81,87,90,88,77,74,75,265,B,5,93,79,,89,,94,83,,,,,,,15,94,79,2022-11-09
BRYAN ABREU,HOU,RP,R,,22,CS,81,88,88,82,73,78,82,258,C,4,97,84,88,89,,,,,,,,,,13,97,84,2022-11-02
RYAN PRESSLY,HOU,CP,R,,22,CS,80,85,85,84,85,70,75,254,C,4,94,80,89,89,,,,,,,,,,14,94,80,2022-11-02
JUSTIN VERLANDER,HOU,SP,R,,22,POST SEASON,80,84,83,86,76,80,76,253,C,4,95,79,87,86,,,,,,,,,,16,95,79,2022-10-12
FRAMBER VALDEZ,HOU,SP,L,,22,POST SEASON,80,85,79,82,74,84,81,246,C,5,93,79,,89,,94,83,,,,,,,15,94,79,2022-10-12
CRISTIAN JAVIER,HOU,SP,R,,22,WS,80,86,85,83,76,75,80,254,C,4,93,,79,85,,,,76,,,,,,17,93,76,2022-11-09
JUSTIN VERLANDER,HOU,SP,R,,19,HOT,79,81,81,78,81,78,75,240,C,4,94,79,87,87,,,,,,,,,,15,94,79,2022-09-21
FRAMBER VALDEZ,HOU,SP,L,,22,ALL STAR,79,79,74,84,75,86,81,237,C,5,93,79,,89,,94,83,,,,,,,15,94,79,
DALLAS KEUCHEL,HOU,SP,L,,15,HOT,79,80,80,78,81,81,74,238,C,5,89,,79,79,89,,84,,,,,,,10,89,79,
LUIS GARCIA,HOU,SP,R,,22,POST SEASON,78,79,77,82,78,76,76,238,C,5,93,77,79,84,,,85,,,,,,,16,93,77,2022-10-26
CRISTIAN JAVIER,HOU,SP,R,,22,CS,78,84,78,80,76,75,80,242,C,4,93,,79,85,,,,76,,,,,,17,93,76,2022-11-02
LANCE MCCULLERS,HOU,SP,R,,22,POST SEASON,77,80,79,86,68,75,74,245,C,5,,,85,87,,93,88,82,,,,,,11,93,82,2022-10-26
RYAN PRESSLY,HOU,RP,R,,19,HOT,76,78,78,75,78,73,76,231,C,3,96,83,90,,,,,,,,,,,13,96,83,2022-10-26
KEN GILES,HOU,RP,R,,16,HOT,76,79,79,78,78,70,77,236,C,3,97,,85,,98,,,,,,,,,13,98,85,
COLLIN MCHUGH,HOU,RP,R,,18,HOT,76,79,79,77,79,70,74,235,C,5,92,76,79,87,,,87,,,,,,,16,92,76,
CHRIS DEVENSKI,HOU,RP,R,,17,HOT,76,79,79,74,79,71,76,232,C,3,93,,82,83,,,,,,,,,,11,93,82,2022-11-30
JOHNNY CUETO,KC,SP,R,斜肩,15,STAR,82,86,76,85,84,82,79,247,C,5,92,,83,83,92,,88,,,,,,,9,92,83,2023-03-15
JORDAN LYLES,KC,SP,R,,23,SIGNING STAR,81,81,82,83,79,83,78,246,C,5,90,78,79,85,,90,,,,,,,,12,90,78,2023-04-19
AROLDIS CHAPMAN,KC,RP,L,,23,POM PI,80,81,85,81,78,78,82,247,C,4,97,,85,,,100,,,88,,,,,15,100,85,2023-05-24
GREG HOLLAND,KC,CP,R,,15,STAR,79,78,89,83,80,72,72,250,C,4,93,77,85,,,,,,87,,,,,16,93,77,2023-03-15
SCOTT BARLOW,KC,RP,R,,21,HOT,77,79,79,77,79,71,78,235,C,4,95,79,85,,,96,,,,,,,,17,96,79,
MIKE MINOR,KC,RP,L,,17,HOT,77,80,80,74,80,72,78,234,C,5,94,,88,87,,91,,82,,,,,,12,94,82,2022-11-30
GREG HOLLAND,KC,CP,R,,14,HOT,77,79,79,76,79,75,78,234,C,3,96,,85,,,,,,88,,,,,11,96,85,2022-10-26
SCOTT ALEXANDER,KC,RP,L,,17,HOT,76,79,79,77,79,70,75,235,C,4,93,,85,86,,93,,,,,,,,8,93,85,
BRAD KELLER,KC,SP,R,,18,HOT,76,79,79,77,78,75,73,235,C,4,94,,85,88,93,,,,,,,,,9,94,85,
ZACK GREINKE,KC,SP,R,,10,HOT,75,77,77,73,77,76,74,227,D,5,93,73,86,85,93,,,,,,,,,20,93,73,2022-09-21
SHOHEI OHTANI,LAA,SP,R,,22,ALL MLB,86,91,95,92,80,82,81,278,B,5,97,77,85,,,,91,,89,,,,,20,97,77,2023-02-28
SHOHEI OHTANI,LAA,SP,R,,22,POY MVP,85,90,94,91,80,81,79,275,B,5,97,77,85,,,,91,,89,,,,,20,97,77,2023-02-08
TYLER ANDERSON,LAA,SP,L,,23,SIGNING STAR,83,80,80,85,89,85,79,245,C,5,89,77,,77,,87,84,,,,,,,12,89,77,2023-04-19
JOE SMITH,LAA,RP,R,低肩,15,STAR,79,84,79,83,74,75,79,246,C,4,89,,79,79,,88,,,,,,,,10,89,79,2023-03-15
DYLAN BUNDY,LAA,SP,R,,20,HOT,79,82,82,80,81,78,73,244,C,5,90,73,80,82,,91,,,,,,,,18,91,73,
ANDREW WANTZ,LAA,RP,R,,23,POM PI,79,86,77,86,71,81,78,249,C,4,93,,81,87,,,87,,,,,,,12,93,81,2023-05-24
ANDREW HEANEY,LAA,SP,L,,15,STAR,79,84,88,84,71,73,74,256,C,3,84,,79,91,,,,,,,,,,12,91,79,2023-03-15
SHOHEI OHTANI,LAA,SP,R,,22,ALL STAR,78,79,86,80,69,80,77,245,C,5,97,77,85,,,,89,,88,,,,,20,97,77,
REID DETMERS,LAA,SP,L,,22,STAR,78,83,85,85,81,70,69,253,C,5,93,73,85,84,,93,,,,,,,,20,93,73,2022-12-14
MIKE MAYERS,LAA,RP,R,,20,HOT,77,79,79,77,80,71,78,235,C,4,94,77,85,,,,90,,,,,,,17,94,77,
JIMMY HERGET,LAA,CP,R,低肩,22,STAR,76,76,77,81,79,75,69,234,C,5,92,74,83,84,,90,,,,,,,,18,92,74,2022-12-21
STEVE CISHEK (N/A),LAA,RP,R,側投,21,HOT,75,79,79,70,78,71,78,228,C,4,89,,77,82,,90,,,,,,,,13,90,77,2022-11-30
JOE SMITH,LAA,RP,R,低肩,14,HOT,75,77,77,73,77,73,77,227,D,3,89,,80,,,88,,,,,,,,9,89,80,2022-10-26
JOSE ALVAREZ,LAA,RP,L,側投,18,HOT,75,78,78,76,76,70,77,232,C,5,92,81,84,81,91,,,,,,,,,11,92,81,
GARRETT RICHARDS,LAA,SP,R,,15,HOT,75,76,76,72,76,76,74,224,D,5,96,79,87,,96,,95,,,,,,,17,96,79,2022-09-21
PABLO LOPEZ,MIN,SP,R,,23,SIGNING STAR,84,89,87,89,81,82,76,265,B,5,95,81,83,89,,94,,,,,,,,14,95,81,2023-04-19
KYLE GIBSON,MIN,SP,R,,15,STAR,81,79,80,81,82,82,82,240,C,5,92,80,85,83,91,,,,,,,,,12,92,80,2023-03-15
JOE RYAN,MIN,SP,R,,22,STAR,78,80,83,84,79,72,71,247,C,4,92,75,82,84,,,,,,,,,,17,92,75,2022-12-21
JHDAN DURAN,MIN,CP,R,,23,POM PI,78,78,79,78,72,80,86,235,C,4,100,87,89,,,,,,96,,,,,13,100,87,2023-05-24
SONNY GRAY,MIN,SP,R,,22,STAR,77,83,83,84,76,70,70,250,C,5,92,79,81,,,92,83,,,,,,,13,92,79,2022-12-28
MICHAEL PINEDA,MIN,SP,R,,20,HOT,77,81,81,74,81,74,71,236,C,3,92,,82,85,,,,,,,,,,10,92,82,2022-11-30
TAYLOR ROGERS,MIN,RP,L,,18,HOT,76,78,78,74,78,74,77,230,C,5,93,78,83,,93,93,,,,,,,,15,93,78,2022-10-26
RYAN PRESSLY,MIN,RP,R,,16,HOT,76,79,79,77,79,70,77,235,C,4,95,82,88,,94,,,,,,,,,13,95,82,
TREVOR MAY,MIN,RP,R,,19,HOT,75,78,78,76,77,69,75,232,C,5,96,79,83,87,97,,,,,,,,,18,97,79,
TYLER DUFFEY,MIN,RP,R,,19,HOT,75,78,78,76,76,70,74,232,C,4,93,,,85,,94,,82,,,,,,12,94,82,
JOSE BERRIOS,MIN,SP,R,,18,HOT,75,75,75,72,75,78,75,222,D,4,93,81,,83,92,,,,,,,,,12,93,81,2022-09-21
AROLDIS CHAPMAN,NYY,CP,L,,19,POY SAVE,85,88,91,88,80,81,82,267,B,4,98,,85,88,,100,,,,,,,,15,100,85,2023-05-10
GERRIT COLE,HOU,SP,R,,19,POY PIT,84,84,90,85,83,84,83,259,C,5,97,,89,89,97,,,82,,,,,,15,97,82,2023-05-10
NESTOR CORTES,NYY,SP,L,側投,22,ALL STAR,82,89,84,85,82,77,75,258,C,5,91,,77,82,,91,86,,,,,,,14,91,77,
IAN HAMILTON,NYY,RP,R,,23,SIGNING STAR,82,90,87,84,81,75,75,261,C,3,95,,87,,,95,,,,,,,,8,95,87,2023-04-19
CLAY HOLMES,NYY,CP,R,,22,ALL STAR,82,92,85,90,73,78,78,267,B,3,98,,85,,,96,,,,,,,,13,98,85,
WANDY PERALTA,NYY,RP,L,,22,POST SEASON,81,86,84,87,82,74,78,257,C,4,96,,87,88,,95,,,,,,,,9,96,87,2022-10-26
JONATHAN LOAISIGA,NYY,RP,R,,22,POST SEASON,81,92,80,88,73,75,79,260,C,4,97,87,,90,,98,,,,,,,,11,98,87,2022-10-26
NESTOR CORTES,NYY,SP,L,側投,22,POST SEASON,80,85,78,87,78,79,78,250,C,5,92,,77,82,,91,87,,,,,,,15,92,77,2022-10-12
GERRIT COLE,NYY,SP,R,,21,HOT,76,78,78,75,78,77,75,231,C,5,97,,88,90,,97,,83,,,,,,14,97,83,2022-09-21
GERRIT COLE,NYY,SP,R,,22,POST SEASON,80,71,83,77,74,90,90,231,C,5,97,,89,89,,,92,83,,,,,,14,97,83,2022-10-12
MICHAEL PINEDA,NYY,SP,R,,16,HOT,79,81,81,79,81,78,74,241,C,5,93,,85,88,94,,94,,,,,,,9,94,85,
MICHAEL KING,NYY,RP,R,,22,POST SEASON,79,77,86,79,68,84,80,242,C,4,96,,80,87,,95,,,,,,,,16,96,80,2022-10-12
LUIS SEVERINO,NYY,SP,R,,18,HOT,79,81,81,79,80,79,74,241,C,3,97,,88,88,,,,,,,,,,9,97,88,
JUSTIN WILSON,NYY,RP,L,,15,STAR,79,81,86,83,79,72,73,250,C,5,95,82,95,,95,,90,,,,,,,13,95,82,2023-03-15
CLAY HOLMES,NYY,RP,R,,22,CS,79,83,80,79,73,79,83,242,C,3,98,,85,,,96,,,,,,,,13,98,85,2022-11-02
MIGUEL CASTRO,NYY,RP,R,,22,CS,77,83,79,79,67,74,80,241,C,3,,,85,92,,98,,,,,,,,13,98,85,2022-11-02
JAMESON TAILLON,NYY,SP,R,,22,CS,77,78,71,73,78,79,83,222,D,5,93,81,86,,,94,91,,,,,,,13,94,81,2022-11-02
DAVID ROBERTSON,NYY,RP,R,,11,HOT,77,79,79,78,79,70,77,236,C,5,93,,84,87,,,93,80,,,,,,13,93,80,
DOMINGO GERMAN,NYY,RP,R,,22,CS,77,84,74,70,76,83,75,228,C,4,92,80,,85,,92,,,,,,,,12,92,80,2022-11-02
GERRIT COLE,NYY,SP,R,,23,POM PIT,84,87,82,87,80,88,85,256,C,5,97,,89,89,,,92,83,,,,,,14,97,83,2023-05-24
CHAD GREEN,NYY,RP,R,,18,HOT,76,78,78,74,78,74,77,230,C,3,96,,87,,,,,,88,,,,,9,96,87,2022-10-26
AROLDIS CHAPMAN,NYY,CP,L,,19,HOT,76,80,80,71,80,71,77,231,C,4,98,,85,88,,100,,,,,,,,15,100,85,2022-11-30
PAUL BLACKBURN,OAK,SP,R,,22,ALL STAR,82,88,72,82,89,83,83,242,C,5,91,79,,85,,92,87,,,,,,,13,92,79,
JESSE CHAVEZ,OAK,SP,R,,15,STAR,80,83,86,81,74,74,82,250,C,5,91,,82,83,91,,89,,,,,,,9,91,82,2023-03-15
SAM MOLL,OAK,RP,L,,23,POM PI,78,77,74,85,68,78,91,236,C,2,,,81,,,93,,,,,,,,12,93,81,2023-05-24
LIAM HENDRIKS,OAK,CP,R,,20,HOT,78,81,81,79,81,73,78,241,C,4,96,84,87,90,,,,,,,,,,12,96,84,2022-11-30
FRANKIE MONTAS,OAK,SP,R,,21,HOT,78,81,81,79,78,80,74,241,C,4,96,,89,,,96,,,87,,,,,9,96,87,
CHRIS BASSITT,OAK,SP,R,,21,HOT,78,80,80,78,79,78,73,238,C,5,93,,77,85,,92,89,,,,,,,16,93,77,
SEAN DOOLITTLE,OAK,RP,L,,13,HOT,76,78,78,74,78,74,77,230,C,4,94,80,,84,93,,,,,,,,,14,94,80,2022-10-26
JAKE DIEKMAN,OAK,RP,L,側投,20,HOT,76,79,79,77,79,69,74,235,C,4,95,,82,89,,95,,,,,,,,13,95,82,
SONNY GRAY,OAK,SP,R,,15,HOT,75,76,76,72,76,76,74,224,D,5,93,81,85,87,93,,,,,,,,,12,93,81,2022-09-21
JOEL PAYAMPS,OAK,RP,R,,22,STAR,75,74,74,74,70,80,78,222,D,4,95,,82,89,,94,,,,,,,,13,95,82,2022-12-14
TAIJUAN WALKER,SEA,SP,R,,15,STAR,81,83,78,83,79,82,81,244,C,5,93,74,,,95,,89,,88,,,,,21,95,74,2023-03-15
ANDRES MUNOZ,SEA,RP,R,,22,WC,81,88,86,84,72,80,81,258,C,2,100,,89,,,,,,,,,,,11,100,89,2022-10-12
PAUL SEWALD,SEA,RP,R,側投,22,POST SEASON,80,76,85,86,75,79,82,247,C,2,92,,82,,,,,,,,,,,10,92,82,2022-10-26
GABE SPEIER,SEA,RP,L,,23,POM PI,80,86,70,84,81,79,85,240,C,4,93,,82,87,,94,,,,,,,,12,94,82,2023-05-24
MICHAEL PINEDA,SEA,SP,R,,11,HOT,79,80,80,78,80,79,77,238,C,5,94,,83,87,94,,94,,,,,,,11,94,83,2022-10-26
MATT BRASH,SEA,RP,R,,22,POST SEASON,79,85,82,87,71,76,75,254,C,4,97,,87,85,,,,84,,,,,,13,97,84,2022-10-26
MATTHEW FESTA,SEA,RP,R,,22,WC,77,70,70,73,70,88,91,213,D,3,92,84,82,,,,,,,,,,,10,92,82,2022-10-12
LOGAN GILBERT,SEA,SP,R,,22,POST SEASON,77,73,70,72,71,88,89,215,D,5,96,,87,86,,94,,80,,,,,,16,96,80,2022-10-12
LUIS CASTILLO,SEA,SP,R,斜肩,22,POST SEASON,77,76,78,75,67,84,82,229,C,4,97,,86,88,,96,,,,,,,,11,97,86,2022-10-12
GEORGE KIRBY,SEA,CP,R,,22,WC,77,76,72,74,85,92,68,222,D,4,95,80,85,,,,88,,,,,,,15,95,80,2022-10-12
ERIK SWANSON,SEA,RP,R,,22,POST SEASON,77,82,72,74,71,80,83,228,C,3,93,,85,,,,,,83,,,,,10,93,83,2022-10-26
EDWIN DIAZ,SEA,CP,R,,16,HOT,77,80,80,79,80,71,75,239,C,5,96,,87,90,98,97,,,,,,,,11,98,87,
CHRIS FLEXEN,SEA,SP,R,,21,HOT,77,80,80,78,78,78,73,238,C,3,92,77,,,,,89,,,,,,,15,92,77,
DREW STECKENRIDER,SEA,RP,R,,21,HOT,76,79,79,77,79,70,75,235,C,3,93,80,87,,,,,,,,,,,13,93,80,
MARCO GONZALES,SEA,SP,L,,18,HOT,75,77,77,73,77,76,74,227,D,5,90,78,,83,,90,87,,,,,,,12,90,78,2022-09-21
EMILIO PAGAN,SEA,RP,R,,17,HOT,75,78,78,73,78,71,72,229,C,4,93,,,84,93,,84,,,,,,,9,93,84,2022-11-30
CHARLIE MORTON,TB,SP,R,,19,POY PIT,84,85,90,85,79,84,83,260,C,5,94,78,,,93,,85,,85,,,,,16,94,78,2023-05-10
ZACH EFLIN,TB,SP,R,,23,SIGNING STAR,83,87,81,89,86,79,76,257,C,5,,79,84,84,,92,89,,,,,,,13,92,79,2023-04-19
SHANE MCCLANAHAN,TB,SP,L,,22,ALL STAR,82,92,91,91,77,75,71,274,B,4,97,81,89,87,,,,,,,,,,16,97,81,
SHAWN ARMSTRONG,TB,RP,R,,22,WC,81,80,86,79,73,85,86,245,C,5,95,,86,87,,95,92,,,,,,,9,95,86,2022-10-12
JASON ADAM,TB,RP,R,,22,WC,81,87,85,86,75,77,81,258,C,4,95,,81,90,,,,79,,,,,,16,95,79,2022-10-12
GARRETT CLEAVINGER,TB,RP,L,,22,WC,80,90,89,86,67,74,74,265,B,5,96,77,82,77,,95,,,,,,,,19,96,77,2022-10-12
ALEX COLOME,TB,RP,R,,15,STAR,80,83,81,83,77,77,79,247,C,5,93,78,,85,95,,86,,,,,,,17,95,78,2023-03-15
SHANE MCCLANAHAN,TB,SP,L,,22,POST SEASON,79,79,83,81,67,85,83,243,C,4,97,82,89,87,,,,,,,,,,15,97,82,2022-10-12
JAKE ODORIZZI,TB,SP,R,,15,STAR,79,83,80,83,76,78,79,246,C,5,91,,82,,91,,86,,85,,,,,9,91,82,2023-03-15
PETER FAIRBANKS,TB,CP,R,,23,POM PI,78,87,68,82,72,79,80,237,C,3,98,,85,,,95,,,,,,,,13,98,85,2023-05-24
CHRIS ARCHER,TB,SP,R,,15,HOT,78,81,81,79,80,79,73,241,C,3,95,,87,85,,,,,,,,,,10,95,85,
TYLER GLASNOW,TB,SP,R,,22,WC,77,79,76,78,70,80,79,233,C,3,97,84,90,,,,,,,,,,,13,97,84,2022-10-12
JAKE MCGEE (N/A),TB,RP,L,,12,HOT,77,79,79,77,80,70,77,235,C,3,95,,82,,,96,,,,,,,,14,96,82,
DREW RASMUSSEN,TB,SP,R,,22,POST SEASON,77,76,68,76,67,87,88,220,D,5,96,79,84,,,95,90,,,,,,,17,96,79,2022-10-12
COREY KLUBER,TB,SP,R,,22,POST SEASON,77,72,68,75,67,89,91,215,D,5,89,80,,82,,89,86,,,,,,,9,89,80,2022-10-12
JOSE ALVARADO,TB,RP,L,,18,HOT,76,79,79,77,78,70,77,235,C,4,96,84,,,,97,89,,,,,,,13,97,84,
COLLIN MCHUGH,TB,RP,R,,21,HOT,76,78,78,74,78,74,75,230,C,5,90,74,79,85,,,87,,,,,,,16,90,74,2022-10-26
DAVID PRICE (N/A),TB,SP,L,,11,HOT,75,76,76,73,76,75,74,225,D,5,94,,,83,95,,89,78,,,,,,17,95,78,2022-09-21
ALEX COLOME,TB,CP,R,,17,HOT,75,79,79,70,79,71,77,228,C,3,95,,,90,,,89,,,,,,,6,95,89,2022-11-30
NOLAN RYAN,TEX,SP,R,,,LEGEND,90,98,98,90,83,88,88,286,B,5,100,88,,85,97,95,,,,,,,,15,100,85,2023-04-26
JACOB deGrom,TEX,SP,R,斜肩,23,SIGNING STAR,85,92,92,92,90,77,72,276,B,4,98,84,92,91,,,,,,,,,,14,98,84,2023-04-19
LANCE LYNN,TEX,SP,R,,19,POY PIT,83,84,89,83,77,84,83,256,C,5,94,81,,87,92,,89,,,,,,,13,94,81,2023-05-10
MARTIN PEREZ,TEX,SP,L,,22,ALL STAR,82,92,74,84,78,85,80,250,C,5,93,79,,84,,92,89,,,,,,,14,93,79,
JAKE DIEKMAN,TEX,RP,L,側投,15,STAR,81,81,88,80,77,79,81,249,C,4,,,84,88,96,96,,,,,,,,12,96,84,2023-03-15
LANCE LYNN,TEX,SP,R,,19,HOT,79,82,82,80,79,81,75,244,C,5,94,81,,87,92,,89,,,,,,,13,94,81,
MATT BUSH,TEX,RP,R,,16,HOT,77,79,79,77,80,71,76,235,C,5,97,80,91,92,97,,,,,,,,,17,97,80,
JON GRAY,TEX,SP,R,,22,STAR,77,78,84,83,76,71,70,245,C,4,96,77,85,89,,,,,,,,,,19,96,77,2022-12-28
JOSE LECLERC,TEX,CP,R,,19,HOT,76,79,79,77,79,70,76,235,C,5,97,77,82,90,96,,,,,,,,,20,97,77,
BRETT MARTIN,TEX,RP,L,,22,STAR,76,76,74,75,70,79,82,225,D,4,93,82,87,,,93,,,,,,,,11,93,82,2022-12-28
YU DARVISH,TEX,SP,R,,13,HOT,75,77,77,74,77,76,74,228,C,5,93,,80,,92,89,,,86,,,,,13,93,80,2022-09-21
DARREN O'DAY (N/A),TEX,RP,R,低肩,10,HOT,75,77,77,72,77,72,76,226,D,3,86,,78,,,85,,,,,,,,8,86,78,2022-10-26
ALEX CLAUDIO,TEX,RP,L,側投,18,HOT,75,79,79,70,78,72,77,228,C,5,,,76,70,,86,88,,,87,,,,18,88,70,2022-11-30
ALEK MANOAH,TOR,SP,R,,22,ALL MLB,86,91,85,92,82,84,82,268,B,4,93,,81,86,,93,,,,,,,,12,93,81,2023-02-22
ALEK MANOAH,TOR,SP,R,,22,POY PIT,84,89,83,90,81,83,81,262,C,4,93,,81,86,,93,,,,,,,,12,93,81,2023-02-01
CHRIS BASSITT,TOR,SP,R,,23,SIGNING STAR,83,86,81,88,81,83,79,255,C,5,,70,76,83,,91,87,,,,,,,21,91,70,2023-04-19
ALEK MANOAH,TOR,SP,R,,22,ALL STAR,82,92,79,87,77,83,78,258,C,4,93,,81,86,,93,,,,,,,,12,93,81,
JORDAN ROMANO,TOR,CP,R,,22,ALL STAR,81,79,84,81,70,85,87,244,C,3,96,,87,,,96,,,,,,,,9,96,87,
YUSEI KIKUCHI,TOR,SP,L,,23,POM PI,80,81,79,80,80,80,80,240,C,4,95,,86,87,,,91,,,,,,,9,95,86,2023-05-24
ALEK MANOAH,TOR,SP,R,,22,POST SEASON,80,83,73,82,73,88,86,238,C,4,93,,81,86,,93,,,,,,,,12,93,81,2022-10-12
AARON LOUP,TOR,RP,L,側投,15,STAR,80,82,80,82,76,79,81,244,C,3,,,80,82,,93,,,,,,,,13,93,80,2023-03-15
AARON SANCHEZ,TOR,RP,R,,15,STAR,79,81,80,83,79,79,72,244,C,5,94,79,,89,95,,92,,,,,,,16,95,79,2023-03-15
ALEK MANOAH,TOR,SP,R,,22,STAR,79,82,78,84,73,81,76,244,C,4,93,,81,86,,93,,,,,,,,12,93,81,2022-12-28
ROBBIE RAY,TOR,SP,L,,21,HOT,78,81,81,79,78,80,74,241,C,5,95,,89,88,,95,,82,,,,,,13,95,82,
MARCUS STROMAN,TOR,SP,R,,17,HOT,78,81,81,72,81,80,74,234,C,5,93,82,86,82,93,,,,,,,,,11,93,82,2022-11-30
YIMI GARCIA,TOR,RP,R,,22,WC,77,74,70,70,70,87,91,214,D,5,95,82,89,87,,94,,,,,,,,13,95,82,2022-10-12
TREVOR RICHARDS,TOR,RP,R,,22,WC,77,74,70,70,71,87,90,214,D,3,93,85,,83,,,,,,,,,,10,93,83,2022-10-12
KEVIN GAUSMAN,TOR,SP,R,,22,POST SEASON,77,70,80,69,71,87,87,219,D,4,95,,84,84,,,,,85,,,,,11,95,84,2022-10-12
ADAM CIMBER,TOR,RP,R,低肩,22,WC,77,74,70,70,74,86,88,214,D,3,86,,77,,,86,,,,,,,,9,86,77,2022-10-12
RYAN TEPERA,TOR,RP,R,,17,HOT,76,79,79,77,79,70,77,235,C,3,95,,83,,,,89,,,,,,,12,95,83,
DOMINIC LEONE,TOR,RP,R,,17,HOT,76,79,79,77,79,70,76,235,C,4,94,,83,,93,,89,,,,,,,11,94,83,
LIAM HENDRIKS,TOR,RP,R,,15,HOT,75,77,77,73,77,73,75,227,D,5,95,77,87,89,94,,,,,,,,,18,95,77,2022-10-26
HYUN JIN RYU,TOR,SP,L,,20,HOT,75,76,76,73,76,76,73,225,D,5,90,72,,79,,89,85,,,,,,,18,90,72,2022-09-21
BYUNG-HYUN KIM,AZ,CP,R,低肩,,LEGEND,90,98,93,93,86,86,89,284,B,4,89,75,79,77,,,,,,,,,,14,89,75,2023-05-03
ZAC GALLEN,AZ,SP,R,,22,POY PIT,85,89,88,91,78,83,81,268,B,5,93,,87,86,,,90,81,,,,,,12,93,81,2023-02-01
ANDREW CHAFIN,AZ,CP,L,,23,SIGNING STAR,84,90,83,88,80,81,82,261,C,4,91,,83,85,,91,,,,,,,,8,91,83,2023-04-19
ANDREW CHAFIN,AZ,RP,L,,15,STAR,81,82,84,81,79,79,81,247,C,4,92,,82,83,,92,,,,,,,,10,92,82,2023-03-15
ZACK GREINKE,AZ,SP,R,,17,HOT,79,80,80,78,82,80,74,238,C,5,90,74,83,87,90,,,,,,,,,16,90,74,
ZAC GALLEN,AZ,SP,R,,22,STAR,79,82,83,86,76,74,73,251,C,5,93,,87,86,,,90,81,,,,,,12,93,81,2022-12-21
ROBBIE RAY,AZ,SP,L,,17,HOT,79,81,81,78,81,80,77,240,C,4,94,,84,,93,,,81,,,,,,13,94,81,2022-10-26
MIGUEL CASTRO,AZ,RP,R,,23,POM PI,79,82,70,83,76,81,87,235,C,3,,,85,92,,98,,,,,,,,13,98,85,2023-05-24
CHASE ANDERSON,AZ,SP,R,,15,STAR,79,79,86,84,78,73,74,249,C,5,91,77,,81,91,,88,,,,,,,14,91,77,2023-03-15
DANIEL HUDSON,AZ,RP,R,,15,HOT,76,78,78,76,78,70,76,232,C,4,96,,87,84,96,,,,,,,,,12,96,84,
ANDREW CHAFIN,AZ,RP,L,,19,HOT,76,79,79,71,79,70,78,229,C,3,93,,84,,,94,,,,,,,,10,94,84,2022-11-30
PATRICK CORBIN,AZ,SP,L,,13,HOT,75,76,76,72,76,76,74,224,D,5,92,73,80,82,92,,,,,,,,,19,92,73,2022-09-21
MADISON BUMGARNER,AZ,SP,L,,22,STAR,75,74,74,74,75,77,77,222,D,5,91,78,83,85,,,87,,,,,,,13,91,78,2022-12-21
KYLE NELSON,AZ,RP,L,,22,STAR,75,79,75,79,71,73,76,233,C,3,92,77,84,,,,,,,,,,,15,92,77,2022-12-14
JOE MANTIPLY,AZ,RP,L,,22,ALL STAR,75,79,72,79,69,75,79,230,C,4,90,81,,82,,90,,,,,,,,9,90,81,
ARCHIE BRADLEY,AZ,CP,R,,19,HOT,75,78,78,76,77,70,76,232,C,4,96,,,88,95,,,82,,,,,,14,96,82,
MAX FRIED,ATL,SP,L,,22,ALL MLB,85,90,85,91,83,84,82,266,B,5,93,74,87,86,,94,,,,,,,,20,94,74,2023-02-28
KENLEY JANSEN,ATL,CP,R,,22,POY SAVE,85,85,92,88,85,82,83,265,B,3,,,81,,,94,92,,,,,,,13,94,81,2023-02-01
MAX FRIED,ATL,SP,L,,22,POY PIT,84,89,83,90,82,83,81,262,C,5,93,74,87,86,,94,,,,,,,,20,94,74,2023-02-01
SPENCER STRIDER,ATL,SP,R,,22,POY ROY,83,87,91,88,79,77,81,266,B,3,98,,86,89,,,,,,,,,,12,98,86,2023-02-01
MIKE SOROKA,ATL,SP,R,,19,POY ROY,83,86,81,86,81,83,81,253,C,4,93,,83,81,92,,,,,,,,,12,93,81,2023-05-10
DYLAN LEE,ATL,RP,L,,23,POM PI,81,82,80,83,79,81,86,245,C,3,92,,83,86,,,,,,,,,,9,92,83,2023-05-24
MAX FRIED,ATL,SP,L,,22,POST SEASON,80,80,71,80,76,88,86,231,C,5,93,74,87,86,,94,,,,,,,,20,94,74,2022-10-12
MAX FRIED,ATL,SP,L,,22,STAR,79,82,78,83,74,80,77,243,C,5,93,74,87,86,,94,,,,,,,,20,94,74,2022-12-14
KYLE WRIGHT,ATL,SP,R,,22,POST SEASON,79,80,76,87,78,78,78,243,C,5,95,84,90,88,,94,,,,,,,,11,95,84,2022-10-26
CRAIG KIMBREL,ATL,CP,R,斜肩,12,HOT,78,81,81,80,81,72,78,242,C,3,97,,,,96,,,86,,,,,,11,97,86,2022-11-30
SPENCER STRIDER,ATL,SP,R,,22,POST SEASON,77,72,80,71,67,83,89,223,D,3,98,,86,89,,,,,,,,,,12,98,86,2022-10-12
A.J. MINTER,ATL,RP,L,,22,POST SEASON,77,71,79,81,71,81,82,231,C,3,96,,,87,,,90,,,,,,,9,96,87,2022-10-26
JESSE CHAVEZ,ATL,RP,R,,21,HOT,76,79,79,77,79,70,72,235,C,5,91,,82,83,,91,89,,,,,,,9,91,82,
TYLER MATZEK,ATL,RP,L,,21,HOT,75,78,78,76,77,70,76,232,C,3,96,80,84,,,,,,,,,,,16,96,80,
MAX FRIED,ATL,SP,L,,19,HOT,75,76,76,73,76,75,74,225,D,5,93,74,83,84,93,,,,,,,,,19,93,74,2022-09-21
ARODYS VIZCAINO,ATL,RP,R,,17,HOT,75,78,78,76,77,69,75,232,C,4,98,,85,89,97,,,,,,,,,13,98,85,
A.J. MINTER,ATL,RP,L,,21,HOT,75,77,77,73,77,72,76,227,D,3,96,,,87,,,89,,,,,,,9,96,87,2022-10-26
LEE SMITH,CHC,CP,R,,,LEGEND,90,99,90,93,85,89,89,282,B,3,95,,,,,91,91,,,,,,,4,95,91,2023-05-31
ADBERT ALZOLAY,CHC,RP,R,,23,POM PI,81,79,82,83,82,85,80,244,C,5,95,,85,86,,94,90,,,,,,,10,95,85,2023-05-24
TOMMY HUNTER,CHC,RP,R,,15,STAR,79,85,84,84,76,73,72,253,C,5,96,84,82,,96,,92,,,,,,,14,96,82,2023-03-15
JUSTIN GRIMM,CHC,RP,R,,15,STAR,79,86,82,84,70,73,79,252,C,4,95,83,83,,93,,,,,,,,,12,95,83,2023-03-15
JOSE QUINTANA,CHC,SP,L,,19,HOT,78,82,82,71,82,79,75,235,C,4,91,77,,86,,91,,,,,,,,14,91,77,2022-11-30
MARCUS STROMAN,CHC,SP,R,,22,STAR,77,81,78,84,81,73,70,243,C,5,92,,84,,,92,89,,87,,,,,8,92,84,2022-12-14
STEVE CISHEK (N/A),CHC,RP,R,側投,18,HOT,76,78,78,76,78,69,77,232,C,4,90,,77,84,,90,,,,,,,,13,90,77,
JUSTIN STEELE,CHC,SP,L,,22,STAR,76,83,85,77,75,70,70,245,C,5,92,78,82,87,,91,,,,,,,,14,92,78,2022-12-28
CARL EDWARDS JR.,CHC,RP,R,,17,HOT,76,78,78,76,77,70,77,232,C,3,95,81,,,91,,,,,,,,,14,95,81,
ROWAN WICK,CHC,RP,R,,20,HOT,75,77,77,73,77,72,75,227,D,3,95,,,,,,92,76,,,,,,19,95,76,2022-10-26
KEEGAN THOMPSON,CHC,SP,R,,22,STAR,75,75,76,74,71,75,79,225,D,5,93,81,,86,,92,90,,,,,,,12,93,81,2022-12-21
KYLE HENDRICKS,CHC,SP,R,,19,HOT,75,76,76,72,76,76,74,224,D,4,87,71,,78,,87,,,,,,,,16,87,71,2022-09-21
JUSTIN GRIMM,CHC,RP,R,,14,HOT,75,78,78,76,77,69,77,232,C,4,93,80,83,,93,,,,,,,,,13,93,80,
DREW SMYLY,CHC,SP,L,,22,STAR,75,79,75,79,76,70,72,233,C,4,,,,82,,92,89,79,,,,,,13,92,79,2022-12-14
ALEX YOUNG,CIN,RP,L,,23,POM PI,81,84,85,82,82,79,79,251,C,5,91,82,,86,,91,84,,,,,,,9,91,82,2023-05-24
ANTHONY DESCLAFANI,CIN,SP,R,,15,STAR,79,81,86,77,77,77,76,244,C,5,92,,87,85,92,,,79,,,,,,13,92,79,2023-03-15
AROLDIS CHAPMAN,CIN,CP,L,,15,STAR,79,83,89,83,78,69,72,255,C,4,99,,86,87,90,,,,,,,,,13,99,86,2023-03-15
HUNTER GREENE,CIN,SP,R,,22,STAR,78,78,89,83,76,71,71,250,C,3,98,,88,90,,,,,,,,,,10,98,88,2022-12-21
AROLDIS CHAPMAN,CIN,CP,L,,14,HOT,78,80,80,78,79,75,78,238,C,3,100,,88,88,,,,,,,,,,12,100,88,2022-10-26
RAISEL IGLESIAS,CIN,CP,R,,17,HOT,77,80,80,71,80,73,78,231,C,5,96,66,85,88,,95,,,,,,,,30,96,66,2022-11-30
MICHAEL LORENZEN,CIN,RP,R,,19,HOT,76,79,79,77,79,70,77,235,C,5,97,,87,87,96,,94,,,,,,,10,97,87,
ROBERT STEPHENSON,CIN,RP,R,,19,HOT,75,78,78,76,77,69,74,232,C,3,95,,84,,,,,,87,,,,,11,95,84,
LUCAS SIMS,CIN,RP,R,,21,HOT,75,78,78,77,76,70,73,233,C,4,95,82,85,90,,,,,,,,,,13,95,82,
LUIS CASTILLO,CIN,SP,R,斜肩,22,ALL STAR,75,74,71,72,75,80,79,217,D,4,97,,86,88,,96,,,,,,,,11,97,86,
JOHNNY CUETO,CIN,SP,R,斜肩,14,HOT,75,76,76,73,76,76,73,225,D,5,93,,83,83,93,,88,,,,,,,10,93,83,2022-09-21
BRENT SUTER,COL,RP,L,,23,POM PI,81,87,70,85,75,91,83,242,C,5,86,79,83,77,,87,,,,,,,,10,87,77,2023-05-24
ADAM OTTAVINO,COL,RP,R,,15,STAR,81,83,84,83,75,80,81,250,C,4,96,,83,,95,,90,,,,,,,13,96,83,2023-03-15
JHOULYS CHACIN,COL,SP,R,,13,HOT,78,81,81,79,80,76,71,241,C,5,90,,80,82,89,,90,,,,,,,10,90,80,
JON GRAY,COL,SP,R,,17,HOT,77,80,80,78,79,74,71,238,C,5,96,80,89,89,96,,,,,,,,,16,96,80,
LUCAS GILBREATH,COL,RP,L,,22,STAR,76,74,80,74,77,75,76,228,C,4,93,,82,,,,91,,85,,,,,11,93,82,2022-12-28
KYLE FREELAND,COL,SP,L,,22,STAR,76,77,75,76,80,76,75,228,C,5,90,80,85,84,,89,,,,,,,,10,90,80,2022-12-14
JAKE MCGEE (N/A),COL,RP,L,,17,HOT,76,78,78,74,78,74,77,230,C,3,95,,79,,95,,,,,,,,,16,95,79,2022-10-26
GREG HOLLAND,COL,CP,R,,17,HOT,76,79,79,77,79,69,75,235,C,3,93,76,85,,,,,,,,,,,17,93,76,
ADAM OTTAVINO,COL,RP,R,,14,HOT,76,79,79,71,79,70,78,229,C,4,94,,82,87,93,,,,,,,,,12,94,82,2022-11-30
GERMAN MARQUEZ,COL,SP,R,,21,HOT,75,76,76,73,76,75,74,225,D,5,95,,86,86,,94,,85,,,,,,10,95,85,2022-09-21
DON SUTTON,LAD,SP,R,,,LEGEND,90,98,90,97,86,87,87,285,B,4,93,,88,,,92,,82,,,,,75,18,93,75,
CHAN HO PARK,LAD,SP,R,,,LEGEND,90,98,97,92,86,84,83,275,B,5,92,77,85,84,,92,,,,,,,,15,92,77,2023-04-26
JULIO URIAS,LAD,SP,L,,22,ALL MLB,85,91,86,92,84,81,81,269,B,4,93,80,,86,,94,,,,,,,,14,94,80,2023-02-28
HYUN JIN RYU,LAD,SP,L,,19,POY PIT,85,90,86,89,85,84,81,265,B,5,90,72,,80,90,,87,,,,,,,18,90,72,2023-05-10
JULIO URIAS,LAD,SP,L,,22,POY PIT,84,89,84,90,83,82,81,263,C,4,93,80,,86,,94,,,,,,,,14,94,80,2023-02-01
CLAYTON KERSHAW,LAD,SP,L,,23,POM PIT,84,86,82,88,82,87,84,256,C,5,90,73,86,83,,91,,,,,,,,18,91,73,2023-05-24
TONY GONSOLIN,LAD,SP,R,,22,ALL STAR,82,91,79,86,74,81,81,256,C,4,93,80,87,,,,,,83,,,,,13,93,80,
NOAH SYNDERGAARD,LAD,SP,R,,23,SIGNING STAR,82,81,80,82,89,82,78,243,C,4,93,77,,87,,92,,,,,,,,16,93,77,2023-04-19
YIMI GARCIA,LAD,RP,R,,15,STAR,81,83,82,84,77,80,80,249,C,5,93,,82,85,93,,89,,,,,,,11,93,82,2023-03-15
EVAN PHILLIPS,LAD,RP,R,,22,POST SEASON,81,84,85,86,74,79,82,255,C,4,96,,85,,,96,93,,,,,,,11,96,85,2022-10-26
JULIO URIAS,LAD,SP,L,,22,POST SEASON,80,81,72,81,74,87,87,234,C,4,93,80,,86,,94,,,,,,,,14,94,80,2022-10-12
TYLER ANDERSON,LAD,SP,L,,22,POST SEASON,79,81,67,81,72,88,86,229,C,5,90,73,,79,,89,85,,,,,,,17,90,73,2022-10-12
HYUN JIN RYU,LAD,SP,L,,19,HOT,79,80,80,78,80,81,75,238,C,5,90,72,,80,90,,87,,,,,,,18,90,72,
TYLER ANDERSON,LAD,SP,L,,22,ALL STAR,78,79,74,83,73,82,81,236,C,5,90,72,,79,,89,85,,,,,,,18,90,72,
JAKE MCGEE (N/A),LAD,RP,L,,20,HOT,77,79,79,78,80,70,76,236,C,3,95,,82,,,96,,,,,,,,14,96,82,
CHRIS MARTIN,LAD,CP,R,,22,POST SEASON,77,83,74,74,67,81,83,231,C,5,95,84,,,,94,92,,88,,,,,11,95,84,2022-10-26
CLAYTON KERSHAW,LAD,SP,L,,22,POST SEASON,77,81,71,77,67,84,82,229,C,5,90,73,86,83,,91,,,,,,,,18,91,73,2022-10-12
BLAKE TREINEN,LAD,RP,R,,21,HOT,77,79,79,75,79,75,78,233,C,5,97,,86,90,,97,93,,,,,,,11,97,86,2022-10-26
ANDREW HEANEY,LAD,RP,L,,22,POST SEASON,77,79,82,73,72,83,73,234,C,3,93,,83,85,,,,,,,,,,10,93,83,2022-10-26
PEDRO BAEZ,LAD,RP,R,,15,HOT,75,79,79,72,78,71,76,230,C,4,97,,89,87,96,,,,,,,,,10,97,87,2022-11-30
KENLEY JANSEN,LAD,CP,R,,16,HOT,75,76,76,74,76,72,76,226,D,3,94,,83,,,,93,,,,,,,11,94,83,2022-09-21
DUSTIN MAY,LAD,RP,R,,19,HOT,75,79,79,77,75,70,70,235,C,5,96,83,,86,,95,91,,,,,,,13,96,83,
CLAYTON KERSHAW,LAD,SP,L,,22,ALL STAR,75,79,72,74,79,76,74,225,D,5,90,73,86,83,,91,,,,,,,,18,91,73,
SANDY ALCANTARA,MIA,SP,R,,22,ALL MLB,87,93,87,94,89,83,81,274,B,5,98,86,90,92,,97,,,,,,,,12,98,86,2023-02-22
SANDY ALCANTARA,MIA,SP,R,,22,POY MVP,86,95,88,96,84,80,78,279,B,5,98,86,90,92,,97,,,,,,,,12,98,86,2023-02-08
SANDY ALCANTARA,MIA,SP,R,,22,POY PIT,86,96,90,97,84,78,76,283,B,5,98,86,90,92,,97,,,,,,,,12,98,86,2023-02-01
SANDY ALCANTARA,MIA,SP,R,,22,STAR,82,87,82,89,82,82,75,258,C,5,98,86,90,92,,97,,,,,,,,12,98,86,2022-12-14
SANDY ALCANTARA,MIA,SP,R,,22,ALL STAR,82,92,74,90,88,78,71,256,C,5,97,86,89,92,,97,,,,,,,,11,97,86,
JOHNNY CUETO,MIA,SP,R,斜肩,23,SIGNING STAR,82,80,80,81,85,85,81,241,C,5,90,,83,83,,91,85,,,,,,,8,91,83,2023-04-19
A.J. PUK,MIA,CP,L,,23,POM PI,79,84,71,83,73,84,84,238,C,4,97,,87,89,,96,,,,,,,,10,97,87,2023-05-24
TREVOR ROGERS,MIA,SP,L,,21,HOT,78,81,81,79,80,75,72,241,C,4,94,,82,84,,95,,,,,,,,13,95,82,
KYLE BARRACLOUGH,MIA,RP,R,,16,HOT,77,79,79,78,77,71,78,236,C,3,96,,82,89,,,,,,,,,,14,96,82,
DAVID PHELPS,MIA,RP,R,,16,HOT,77,80,80,78,80,72,77,238,C,5,93,,89,,93,,91,79,,,,,,14,93,79,
STEVE CISHEK (N/A),MIA,CP,R,側投,13,HOT,76,78,78,74,78,74,77,230,C,3,,,83,85,,92,,,,,,,,9,92,83,2022-10-26
JESUS LUZARDO,MIA,SP,L,,22,STAR,76,82,88,86,73,67,65,256,C,4,96,84,,87,,95,,,,,,,,12,96,84,2022-12-14
YIMI GARCIA,MIA,RP,R,,20,HOT,75,79,79,74,79,71,73,232,C,4,94,82,87,87,,,,,,,,,,12,94,82,2022-11-30
ANIBAL SANCHEZ,MIA,SP,R,,10,HOT,75,76,76,72,76,76,74,224,D,5,91,76,84,,,91,,,83,,,,,15,91,76,2022-09-21
JOSH HADER,MIL,CP,L,,19,POY SAVE,85,88,92,89,83,82,81,269,B,4,96,,82,87,94,,,,,,,,,14,96,82,2023-05-10
PETER STRZELECKI,MIL,RP,R,,23,POM PI,81,86,70,85,76,85,89,241,C,3,93,,82,83,,,,,,,,,,11,93,82,2023-05-24
ZACK GREINKE,MIL,SP,R,,11,HOT,78,79,79,78,79,78,76,236,C,5,92,72,83,85,92,,,,,,,,,20,92,72,2022-10-26
JOSH HADER,MIL,CP,L,,18,HOT,77,79,79,78,80,71,75,236,C,4,94,,82,87,93,,,,,,,,,12,94,82,
COREY KNEBEL,MIL,CP,R,,17,HOT,77,79,79,78,77,71,79,236,C,2,97,,,,,,,80,,,,,,17,97,80,
CHASE ANDERSON,MIL,SP,R,,17,HOT,77,80,80,78,81,76,72,238,C,5,93,78,,83,92,,89,,,,,,,15,93,78,
WILL SMITH,MIL,RP,L,,15,HOT,76,79,79,72,79,70,78,230,C,4,93,76,81,,90,,,,,,,,,17,93,76,2022-11-30
ERIC LAUER,MIL,SP,L,,22,STAR,76,76,79,77,76,75,73,232,C,5,93,78,87,87,,,90,,,,,,,15,93,78,2022-12-21
DEVIN WILLIAMS,MIL,RP,R,,22,ALL STAR,76,79,83,76,64,75,80,238,C,3,94,,,83,,,86,,,,,,,11,94,83,
BRANDON WOODRUFF,MIL,SP,R,,19,HOT,75,77,77,74,76,74,72,228,C,5,96,81,88,87,96,,,,,,,,,15,96,81,2022-09-21
TOM SEAVER,NYM,SP,R,,,LEGEND,90,98,94,96,85,86,86,288,B,4,96,,87,83,,92,,,,,,75,,21,96,75,2023-04-12
JACOB deGrom,NYM,SP,R,斜肩,19,POY PIT,86,87,92,87,85,85,84,266,B,5,97,84,92,90,97,,,,,,,,,13,97,84,2023-05-10
EDWIN DIAZ,NYM,CP,R,,22,ALL MLB,86,91,97,91,81,80,81,279,B,3,98,,90,,,95,,,,,,,,8,98,90,2023-02-22
MAX SCHERZER,NYM,SP,R,側投,22,ALL MLB,85,91,93,92,81,81,77,276,B,5,94,75,85,84,,,89,,,,,,,19,94,75,2023-02-28
JACOB deGrom,NYM,SP,R,斜肩,19,POY MVP,85,86,91,86,84,85,83,263,C,5,97,84,92,90,97,,,,,,,,,13,97,84,2023-05-10
EDWIN DIAZ,NYM,CP,R,,22,ALL STAR,82,79,91,83,72,84,86,253,C,3,98,,90,,,95,,,,,,,,8,98,90,
EDWIN DIAZ,NYM,RP,R,,22,WC,81,86,78,80,71,85,90,244,C,3,98,,90,,,95,,,,,,,,8,98,90,2022-10-12
NOAH SYNDERGAARD,NYM,SP,R,,15,STAR,80,83,76,83,77,81,80,242,C,5,97,80,87,88,,96,,,,,,,,17,97,80,2023-03-15
KODAI SENGA,NYM,SP,R,,23,POM PI,80,79,91,70,75,83,83,240,C,3,96,,82,,,,90,,,,84,,,14,96,82,2023-05-24
MAX SCHERZER,NYM,SP,R,側投,22,STAR,79,82,86,85,72,76,73,253,C,5,94,75,85,84,,,89,,,,,,,19,94,75,2022-12-14
SETH LUGO,NYM,CP,R,,22,WC,77,73,82,75,70,81,81,230,C,5,94,79,89,87,,94,,,,,,,,15,94,79,2022-10-12
MAX SCHERZER,NYM,SP,R,側投,22,POST SEASON,77,77,79,77,67,83,79,233,C,5,94,75,85,84,,,89,,,,,,,19,94,75,2022-10-12
JACOB deGrom,NYM,SP,R,斜肩,22,WC,77,71,82,71,70,85,83,224,D,4,98,83,92,92,,,,,,,,,,15,98,83,2022-10-12
JACOB deGrom,NYM,SP,R,斜肩,22,HIGH LIGHT,77,80,78,76,77,79,76,234,C,4,98,82,91,91,,,,,,,,,,16,98,82,
CHRIS BASSITT,NYM,SP,R,,22,POST SEASON,77,73,70,76,67,89,87,219,D,5,93,71,79,,,92,89,,,,,,,22,93,71,2022-10-12
PAUL SEWALD,NYM,RP,R,側投,17,HOT,76,78,78,76,79,70,75,232,C,4,91,,82,82,91,,,,,,,,,9,91,82,
JUSTIN WILSON,NYM,RP,L,,20,HOT,76,79,79,77,79,69,75,235,C,4,95,,81,,,94,91,,,,,,,14,95,81,
AARON LOUP,NYM,RP,L,側投,21,HOT,76,79,79,77,78,70,77,235,C,4,,75,,80,,92,84,,,,,,,17,92,75,
NOAH SYNDERGAARD,NYM,SP,R,,19,HOT,75,76,76,73,76,75,74,225,D,5,97,80,89,91,,97,,,,,,,,17,97,80,2022-09-21
JEURYS FAMILIA,NYM,CP,R,,15,HOT,75,77,77,73,77,73,77,227,D,4,97,,89,,,96,,,93,,,,,8,97,89,2022-10-26
HANSEL ROBLES,NYM,RP,R,,16,HOT,75,79,79,70,79,71,77,228,C,4,95,,84,88,94,,,,,,,,,11,95,84,2022-11-30
DREW SMITH,NYM,RP,R,,22,STAR,75,74,77,74,71,77,77,225,D,5,96,77,85,85,,95,,,,,,,,19,96,77,2022-12-28
AARON NOLA,PHI,SP,R,,22,ALL MLB,85,93,97,97,78,76,74,287,B,5,92,,,85,,92,87,78,,,,,,14,92,78,2023-02-22
AARON NOLA,PHI,SP,R,,22,POY PIT,85,87,92,91,85,81,79,270,B,5,92,,,85,,92,87,78,,,,,,14,92,78,2023-02-01
RANGER SUAREZ,PHI,SP,L,,22,WS,80,87,78,82,77,76,80,247,C,5,93,76,,85,,92,89,,,,,,,17,93,76,2022-11-09
LUIS GARCIA,PHI,RP,R,,15,STAR,80,81,83,81,74,80,81,245,C,3,96,,84,,96,,,,,,,,,12,96,84,2023-03-15
DAVID ROBERTSON,PHI,CP,R,,22,WS,80,92,85,81,72,73,77,258,C,3,,,83,,,,92,84,,,,,,9,92,83,2022-11-09
CONNOR BROGDON,PHI,RP,R,,22,CS,80,87,85,85,69,74,81,257,C,3,95,,,83,,,88,,,,,,,12,95,83,2022-11-02
AARON NOLA,PHI,SP,R,,22,STAR,80,84,88,88,80,75,70,260,C,5,92,,,85,,92,87,78,,,,,,14,92,78,2022-12-21
AARON NOLA,PHI,SP,R,,22,POST SEASON,80,81,89,87,83,73,72,257,C,5,92,,,85,,92,87,78,,,,,,14,92,78,2022-10-12
KEN GILES,PHI,RP,R,,15,STAR,79,86,88,84,77,69,70,258,C,3,96,,85,,93,,,,,,,,,11,96,85,2023-03-15
NICK PIVETTA,PHI,SP,R,,18,HOT,78,81,81,79,80,76,72,241,C,5,95,,84,87,94,,,80,,,,,,15,95,80,
LUIS ORTIZ,PHI,CP,R,,23,POM PI,78,83,72,82,80,78,78,237,C,5,95,79,86,85,,94,,,,,,,,16,95,79,2023-05-24
KYLE GIBSON,PHI,RP,R,,22,CS,78,82,71,70,88,82,77,223,D,5,92,,83,84,,91,89,,,,,,,9,92,83,2022-11-02
JERAD EICKHOFF,PHI,SP,R,,16,HOT,78,81,81,79,78,79,74,241,C,5,90,75,82,83,90,,,,,,,,,15,90,75,
JOSE ALVARADO,PHI,RP,L,,22,POST SEASON,78,80,83,86,67,76,81,249,C,4,97,86,,,,99,94,,,,,,,13,99,86,2022-10-26
ZACK WHEELER,PHI,SP,R,,22,POST SEASON,77,76,73,76,69,85,83,225,D,5,96,81,90,89,,95,,,,,,,,15,96,81,2022-10-12
ZACH EFLIN,PHI,CP,R,,22,WC,77,75,73,75,75,84,80,223,D,5,93,78,,87,,92,90,,,,,,,15,93,78,2022-10-12
SERANTHONY DOMINGUEZ,PHI,RP,R,,22,WC,77,76,76,70,70,83,87,222,D,4,97,,89,92,,98,,,,,,,,9,98,89,2022-10-12
RANGER SUAREZ,PHI,SP,L,,22,POST SEASON,77,74,68,70,67,91,92,212,D,5,93,76,,85,,92,89,,,,,,,17,93,76,2022-10-12
NOAH SYNDERGAARD,PHI,RP,R,,22,CS,77,83,71,71,81,82,75,225,D,5,93,76,84,88,,94,,,,,,,,18,94,76,2022-11-02
DAVID ROBERTSON,PHI,RP,R,,22,CS,77,79,83,72,70,79,83,234,C,3,,,83,,,,92,84,,,,,,9,92,83,2022-11-02
BRAD HAND,PHI,RP,L,,22,POST SEASON,77,80,77,77,67,78,83,234,C,3,92,,79,,,92,,,,,,,,13,92,79,2022-10-26
KEN GILES,PHI,RP,R,,14,HOT,76,78,78,75,78,73,75,231,C,3,97,,87,,95,,,,,,,,,10,97,87,2022-10-26
JAKE DIEKMAN,PHI,RP,L,側投,14,HOT,76,79,79,77,79,69,77,235,C,3,,,84,87,,97,,,,,,,,13,97,84,
HECTOR NERIS,PHI,CP,R,,17,HOT,75,79,79,70,79,71,77,228,C,4,94,,88,,94,,,,87,,,,,7,94,87,2022-11-30
AARON NOLA,PHI,SP,R,,21,HOT,75,76,76,73,76,75,74,225,D,5,93,,,85,,92,87,78,,,,,,15,93,78,2022-09-21
DAVID BEDNAR,PIT,CP,R,,22,ALL STAR,82,79,90,87,76,81,79,256,C,4,96,77,,,,95,,,90,,,,,19,96,77,
RICH HILL,PIT,SP,L,側投,23,SIGNING STAR,81,84,83,85,76,79,79,252,C,5,86,70,67,82,,,81,,,,,,,19,86,67,2023-04-19
GERRIT COLE,NYY,SP,R,,23,HIGH LIGHT,80,80,86,83,81,78,77,249,C,5,97,,89,89,,,92,83,,,,,,14,97,83,
VINCE VELASQUEZ,PIT,SP,R,,23,POM PI,78,80,76,76,73,82,86,232,C,5,93,,84,88,,92,,81,,,,,,12,93,81,2023-05-24
JAMESON TAILLON,PIT,SP,R,,17,HOT,78,82,82,80,81,75,72,244,C,4,95,81,,88,95,,,,,,,,,14,95,81,
MARK MELANCON,PIT,RP,R,,13,HOT,77,79,79,77,78,71,78,235,C,4,92,,,,,,92,81,87,,,,,11,92,81,
CHRIS STRATTON,PIT,RP,R,,20,HOT,76,78,78,75,78,74,77,231,C,4,93,80,87,86,,,,,,,,,,13,93,80,2022-10-26
KYLE CRICK,PIT,RP,R,,18,HOT,75,78,78,76,77,69,75,232,C,4,96,,81,88,96,,,,,,,,,15,96,81,
JOE MUSGROVE,PIT,SP,R,,19,HOT,75,76,76,73,76,76,74,225,D,5,92,82,83,85,,91,,,,,,,,10,92,82,2022-09-21
JOSH HADER,SD,CP,L,,23,POM RP/CP,83,85,80,86,79,86,87,251,C,4,96,,83,89,,97,,,,,,,,14,97,83,2023-05-24
JOE MUSGROVE,SD,SP,R,,22,ALL STAR,82,92,82,87,80,79,73,261,C,5,92,81,82,,,92,90,,,,,,,11,92,81,
ROBERT SUAREZ,SD,RP,R,,22,POST SEASON,81,92,82,89,72,75,77,263,C,5,98,80,,89,,96,94,,,,,,,18,98,80,2022-10-26
JOE MUSGROVE,SD,SP,R,,22,WC,81,82,80,86,81,81,81,248,C,5,93,81,82,,,92,90,,,,,,,12,93,81,2022-10-12
YU DARVISH,SD,SP,R,,22,POST SEASON,80,76,78,82,74,89,86,236,C,5,95,,82,,,94,86,,89,,,,,13,95,82,2022-10-12
NICK MARTINEZ,SD,RP,R,,22,WC,79,74,70,80,77,92,85,224,D,5,93,81,,79,,93,89,,,,,,,14,93,79,2022-10-12
JOSH HADER,SD,CP,L,,22,POST SEASON,78,82,89,91,67,70,73,262,C,4,96,,83,89,,97,,,,,,,,14,97,83,2022-10-26
ZACH DAVIES,SD,SP,R,側投,20,HOT,77,80,80,78,78,78,72,238,C,4,,74,,79,,88,87,,,,,,,14,88,74,
TIM HILL,SD,RP,L,側投,22,CS,77,84,71,73,72,79,83,228,C,4,91,,82,,,89,88,,,,,,,9,91,82,2022-11-02
STEVEN WILSON,SD,RP,R,,22,CS,77,76,73,75,73,82,83,224,D,3,95,,82,85,,,,,,,,,,13,95,82,2022-11-02
PIERCE JOHNSON,SD,RP,R,,22,POST SEASON,77,84,76,81,67,77,77,241,C,2,95,84,,,,,,,,,,,,11,95,84,2022-10-26
LUIS GARCIA,SD,RP,R,,22,POST SEASON,77,81,76,73,67,82,83,230,C,4,97,,82,,,98,,,88,,,,,16,98,82,2022-10-26
CRAIG STAMMEN,SD,RP,R,,18,HOT,77,79,79,77,79,71,78,235,C,4,90,,,,,91,87,80,,,,,,11,91,80,
BLAKE SNELL,SD,SP,L,,22,POST SEASON,77,71,78,67,67,90,89,216,D,4,96,81,89,87,,,,,,,,,,15,96,81,2022-10-12
BRAD HAND,SD,RP,L,,16,HOT,77,80,80,73,80,73,80,233,C,5,92,81,84,86,92,,,,,,,,,11,92,81,2022-11-30
ADRIAN MOREJON,SD,RP,L,,22,CS,77,85,75,74,70,77,81,234,C,4,97,80,87,84,,,,,,,,,,17,97,80,2022-11-02
KIRBY YATES,SD,RP,R,側投,18,HOT,76,78,78,75,78,74,77,231,C,3,94,,87,,,,,,,87,,,,7,94,87,2022-10-26
CRAIG KIMBREL,SD,CP,R,斜肩,15,HOT,76,79,79,77,79,69,75,235,C,4,97,,92,,97,,,87,,,,,,10,97,87,
IAN KENNEDY,SD,SP,R,,14,HOT,75,76,76,73,76,76,74,225,D,5,92,,84,83,92,,,77,,,,,,15,92,77,2022-09-21
MADISON BUMGARNER,SF,SP,L,,15,STAR,81,82,77,81,82,82,82,240,C,5,92,76,86,85,92,,,,,,,,,16,92,76,2023-03-15
JOHN BREBBIA,SF,RP,R,,23,POM PI,80,68,87,78,80,82,90,233,C,3,94,,83,,,91,,,,,,,,11,94,83,2023-05-24
HUNTER STRICKLAND,SF,RP,R,,15,STAR,80,80,82,80,77,80,81,242,C,5,97,85,89,87,96,,,,,,,,,12,97,85,2023-03-15
CARLOS RODON,SF,SP,L,,22,STAR,79,81,89,82,72,74,76,252,C,4,96,80,85,84,,,,,,,,,,16,96,80,2022-12-28
ANTHONY DESCLAFANI,SF,SP,R,,21,HOT,78,81,81,76,81,78,74,238,C,5,93,,87,88,,94,,83,,,,,,11,94,83,2022-11-30
ALEX COBB,SF,SP,R,,22,STAR,78,79,83,78,81,74,73,240,C,4,96,,,,,95,,84,89,,,,,12,96,84,2022-12-28
TYLER ROGERS,SF,RP,R,低肩,21,HOT,76,78,78,76,77,71,78,232,C,3,82,,72,,,82,,,,,,,,10,82,72,
SERGIO ROMO,SF,RP,R,側投,15,HOT,76,78,78,74,78,73,77,230,C,5,87,77,77,82,,87,,,,,,,,10,87,77,2022-10-26
REYES MORONTA,SF,RP,R,,18,HOT,76,78,78,76,78,70,76,232,C,3,97,,82,,96,,,,,,,,,15,97,82,
JOSE ALVAREZ,SF,RP,L,側投,21,HOT,76,79,79,77,79,70,76,235,C,5,91,,81,81,,91,86,,,,,,,10,91,81,
CAMILO DOVAL,SF,CP,R,側投,22,STAR,76,76,82,75,72,75,76,233,C,3,,,87,,,98,99,,,,,,,12,99,87,2022-12-14
MADISON BUMGARNER,SF,SP,L,,11,HOT,75,76,76,73,76,75,74,225,D,5,92,77,87,83,90,,,,,,,,,15,92,77,2022-09-21
RYAN HELSLEY,STL,CP,R,,22,ALL MLB,85,88,91,88,81,82,80,267,B,4,99,80,89,89,,,,,,,,,,19,99,80,2023-02-22
JACK FLAHERTY,STL,SP,R,,19,POY PIT,83,84,89,84,79,84,83,257,C,5,94,,84,86,92,,,78,,,,,,16,94,78,2023-05-10
MICHAEL WACHA,STL,SP,R,,15,STAR,82,88,82,89,80,77,76,259,C,3,93,,,86,,,89,,,,,,,7,93,86,2023-03-15
MILES MIKOLAD,STL,SP,R,,22,ALL STAR,82,79,73,88,83,88,83,240,C,5,93,76,87,82,,92,,,,,,,,17,93,76,
GIOVANNY GALLEGOS,STL,RP,R,,22,WC,81,87,75,83,71,84,89,245,C,3,94,,85,87,,,,,,,,,,9,94,85,2022-10-12
RYAN HELSLEY,STL,RP,R,,22,ALL STAR,79,84,84,82,72,79,73,250,C,5,98,79,88,88,,90,,,,,,,,19,98,79,
LANCE LYNN,STL,SP,R,,14,HOT,79,81,81,77,81,80,77,239,C,5,92,79,87,85,91,,,,,,,,,13,92,79,2022-10-26
JACK FLAHERTY,STL,SP,R,,19,HOT,79,82,82,80,81,80,74,244,C,5,94,,84,86,92,,,78,,,,,,16,94,78,
DREW VERHAGEN,STL,RP,R,,23,POM PI,79,73,84,78,74,82,88,235,C,5,95,78,81,89,,94,,,,,,,,17,95,78,2023-05-24
RYAN HELSLEY,STL,RP,R,,22,POST SEASON,78,82,81,81,68,80,77,244,C,4,99,80,89,89,,,,,,,,,,19,99,80,2022-10-12
JOSE QUINTANA,STL,SP,L,,22,POST SEASON,77,77,67,73,71,85,89,217,D,4,91,78,,86,,91,,,,,,,,13,91,78,2022-10-12
JORDAN HICKS,STL,RP,R,側投,22,WC,77,75,71,77,70,87,82,223,D,4,100,,84,92,,99,,,,,,,,16,100,84,2022-10-12
GENESIS CABRERA,STL,RP,L,,21,HOT,76,79,79,77,79,70,77,235,C,4,97,80,,89,,97,,,,,,,,17,97,80,
JOHN BREBBIA,STL,RP,R,,19,HOT,76,78,78,76,77,70,76,232,C,4,93,,83,87,,,88,,,,,,,10,93,83,
ADAM WAINWRIGHT,STL,SP,R,,9,HOT,75,76,76,73,76,76,73,225,D,5,90,74,,82,,91,85,,,,,,,17,91,74,2022-09-21
AUSTIN GOMBER,STL,RP,L,,18,HOT,75,79,79,70,78,72,72,228,C,4,92,,89,83,,,,77,,,,,,15,92,77,2022-11-30
STEPHEN STRASBURG,WSH,SP,R,,19,POY PIT,84,85,90,85,80,84,83,260,C,5,93,81,87,87,93,,,,,,,,,12,93,81,2023-05-10
MAX SCHERZER,WSH,SP,R,側投,19,POY PIT,83,84,90,84,80,84,80,258,C,5,95,78,86,84,,,90,,,,,,,17,95,78,2023-05-10
TREVOR WILLIAMS,WSH,SP,R,,23,SIGNING STAR,81,80,81,82,80,78,85,243,C,5,90,77,82,83,,87,,,,,,,,13,90,77,2023-04-19
MASON THOMPSON,WSH,RP,R,,23,POM PI,81,83,71,86,81,89,81,240,C,4,96,,84,88,,95,,,,,,,,12,96,84,2023-05-24
PATRICK CORBIN,WSH,SP,L,,19,HOT,79,81,81,79,79,80,74,241,C,5,92,68,81,82,92,,,,,,,,,24,92,68,
MAX SCHERZER,WSH,SP,R,側投,16,HOT,79,81,81,78,82,82,75,240,C,5,94,77,86,85,,,89,,,,,,,17,94,77,2022-11-30
KYLE FINNEGAN,WSH,RP,R,,22,STAR,79,83,85,84,69,75,78,252,C,3,,,89,,,96,,,88,,,,,8,96,88,2022-12-21
BLAKE TREINEN,WSH,RP,R,,15,STAR,79,83,84,85,73,74,75,252,C,4,96,,87,87,,96,,,,,,,,9,96,87,2023-03-15
STEPHEN STRASBURG,WSH,SP,R,,19,HOT,78,79,79,76,79,79,76,234,C,5,93,81,87,87,93,,,,,,,,,12,93,81,2022-09-21
TYLER CLIPPARD,WSH,RP,R,,14,HOT,76,79,79,77,79,69,77,235,C,4,92,75,,80,,,,,82,,,,,17,92,75,
SEAN DOOLITTLE,WSH,CP,L,,18,HOT,76,80,80,78,80,69,73,238,C,3,93,,81,,,,,,85,,,,,12,93,81,
CRAIG STAMMEN,WSH,RP,R,,13,HOT,75,77,77,73,77,73,75,227,D,5,91,,85,83,91,,,80,,,,,,11,91,80,2022-10-26
MICHAEL WACHA,SD,SP,R,,23,POM PIT,84,89,80,89,80,87,84,258,C,5,93,74,,84,,92,89,,,,,,,19,93,74,2023-06-21
NATHAN EOVALDI,TEX,SP,R,,23,POM PIT,84,89,80,88,83,85,84,257,C,5,96,78,86,,,,91,,87,,,,,18,96,78,2023-06-21
ALEX LANGE,DET,CP,R,,23,POM RP/CP,83,87,87,87,76,83,83,261,C,4,96,86,,89,,96,,,,,,,,10,96,86,2023-06-21
CAMILO DOVAL,SF,CP,R,側投,23,POM RP/CP,83,87,88,88,74,83,83,263,C,3,,,87,,,98,99,,,,,,,12,99,87,2023-06-21
ADRIAN MARTINEZ,OAK,RP,R,,23,POM PI,78,82,78,76,76,78,78,236,C,3,,,82,83,,94,,,,,,,,12,94,82,2023-06-21
BROOKS RALEY,NYM,RP,L,,23,POM PI,78,84,81,77,69,78,79,242,C,5,,80,81,85,,91,88,,,,,,,11,91,80,2023-06-21
BRYCE MILLER,SEA,SP,R,,23,POM PI,80,81,75,89,75,83,82,245,C,4,95,79,83,85,,,,,,,,,,16,95,79,2023-06-21
BUCK FARMER,CIN,RP,R,,23,POM PI,80,85,78,87,76,81,78,250,C,3,94,,83,89,,,,,,,,,,11,94,83,2023-06-21
CALEB FERGUSON,LAD,RP,L,,23,POM PI,79,82,85,70,73,79,85,237,C,2,95,78,,,,,,,,,,,,17,95,78,2023-06-21
CARL EDWARDS JR.,WSH,RP,R,,23,POM PI,78,80,71,72,70,86,89,223,D,3,94,80,,90,,,,,,,,,,14,94,80,2023-06-21
CHRIS DEVENSKI,LAA,RP,R,,23,POM PI,80,81,77,89,76,82,80,247,C,4,94,,82,83,,,,76,,,,,,18,94,76,2023-06-21
CHRIS MARTIN,BOS,RP,R,,23,POM PI,79,84,80,85,74,78,78,249,C,5,95,84,,,,94,92,,88,,,,,11,95,84,2023-06-21
CHRIS STRATTON,STL,RP,R,,23,POM PI,80,80,86,86,72,83,78,252,C,5,92,80,86,87,,92,,,,,,,,12,92,80,2023-06-21
CLARKE SCHMIDT,NYY,SP,R,,23,POM PI,78,77,82,70,72,80,87,229,C,5,93,,86,87,,95,,83,,,,,,12,95,83,2023-06-21
COLIN HOLDERMAN,PIT,RP,R,,23,POM PI,79,84,85,83,71,78,78,252,C,5,96,,86,86,,95,90,,,,,,,10,96,86,2023-06-21
COLIN POCHE,TB,RP,L,,23,POM PI,78,80,72,76,76,79,85,228,C,3,93,79,82,,,,,,,,,,,14,93,79,2023-06-21
DANIEL BARD,COL,RP,R,,23,POM PI,78,87,71,77,68,82,83,235,C,4,97,,88,90,,98,,,,,,,,10,98,88,2023-06-21
DAURI MORETA,PIT,RP,R,,23,POM PI,81,87,87,88,73,78,78,262,C,4,96,,85,87,,95,,,,,,,,11,96,85,2023-06-21
HECTOR NERIS,HOU,RP,R,,23,POM PI,80,85,84,80,75,78,83,249,C,4,94,,87,,,94,,,85,,,,,9,94,85,2023-06-21
JEFF HOFFMAN,PHI,RP,R,,23,POM PI,78,82,84,72,74,78,78,238,C,3,94,,81,87,,,,,,,,,,13,94,81,2023-06-21
JESSE CHAVEZ,ATL,RP,R,,23,POM PI,80,86,84,86,69,79,81,256,C,5,91,77,,85,,91,89,,,,,,,14,91,77,2023-06-21
JOEL PAYAMPS,MIL,RP,R,,23,POM PI,80,83,86,86,69,80,81,255,C,4,95,,82,89,,94,,,,,,,,13,95,82,2023-06-21
JOSH SBORZ,TEX,RP,R,,23,POM PI,78,76,84,80,69,78,81,240,C,3,97,85,87,,,,,,,,,,,12,97,85,2023-06-21
JOVANI MORAN,MIN,RP,L,,23,POM PI,80,83,78,85,76,80,83,246,C,3,93,,81,83,,,,,,,,,,12,93,81,2023-06-21
KEYNAN MIDDLETON,CWS,RP,R,,23,POM PI,80,85,81,84,73,80,82,250,C,3,95,,84,87,,,,,,,,,,11,95,84,2023-06-21
MARK LEITER JR.,CHC,RP,R,,23,POM PI,80,76,84,86,76,81,82,246,C,5,91,73,,84,,91,87,,,,,,,18,91,73,2023-06-21
NATE PEARSON,TOR,RP,R,,23,POM PI,80,84,81,82,75,83,80,247,C,3,97,80,87,,,,,,,,,,,17,97,80,2023-06-21
NICK SANDLIN,CLE,RP,R,側投,23,POM PI,79,84,73,85,80,78,79,242,C,4,94,,79,,,93,,,,88,,,,15,94,79,2023-06-21
RYNE STANEK,HOU,RP,R,,23,POM PI,78,79,77,75,74,79,84,231,C,3,98,,87,,,,,,88,,,,,11,98,87,2023-06-21
SCOTT MCGOUGH,AZ,RP,R,,23,POM PI,80,81,86,84,73,82,79,251,C,3,93,,87,,,,,,87,,,,,6,93,87,2023-06-21
STEVEN WILSON,SD,RP,R,,23,POM PI,79,85,79,83,72,79,81,247,C,3,95,,82,85,,,,,,,,,,13,95,82,2023-06-21
TANNER SCOTT,MIA,RP,L,,23,POM PI,80,83,88,80,71,81,82,251,C,2,97,,89,,,,,,,,,,,8,97,89,2023-06-21
TAYLOR CLARKE,KC,RP,R,,23,POM PI,80,85,80,81,75,81,83,246,C,3,96,,88,89,,,,,,,,,,8,96,88,2023-06-21
TOMMY HUNTER,NYM,RP,R,,23,POM PI,79,73,76,78,83,86,78,227,D,4,93,84,,,,93,91,,,,,,,9,93,84,2023-06-21
YENNIER CANO,BAL,RP,R,,23,POM PI,81,85,77,85,79,83,82,247,C,4,96,,87,90,,95,,,,,,,,9,96,87,2023-06-21
ZACK WHEELER,PHI,SP,R,,23,POM PI,79,76,80,79,78,82,79,235,C,5,96,81,90,89,,95,,,,,,,,15,96,81,2023-06-21