球員,球隊,位置,方向,姿勢,年份,徽章,OVR,控球,球威,變化,精神,體力,恢復,三圍,球質,球種,4FB,CRV,SLD,CHU,2FB,SNK,CUT,K-CRV,SPL,KNU,FRK,S-CRV,SCR,速差,MAX,MIN,新增日期,頂卡,張數,白金,金
JULIO TEHERAN,ATL,SP,R,,14,TOP SP,87,91,84,93,88,87,84,268,B,5,91,73,81,81,88,,,,,,,,,18,91,73,2023-08-23,O,1,1,
DANIEL HUDSON,AZ,SP,R,,11,TOP SP,85,86,81,86,82,90,87,253,C,4,93,,87,83,93,,,,,,,,,10,93,83,2023-08-23,,3,2,1
PATRICK CORBIN,AZ,SP,L,,18,TOP SP,87,88,93,92,85,85,84,273,B,5,90,72,81,80,90,,,,,,,,,18,90,72,2023-08-23,O,4,2,2
ALEX COBB,BAL,SP,R,,18,TOP SP,80,81,81,81,81,78,78,243,C,4,92,,,,,92,,81,86,,,,,11,92,81,2023-08-23,,4,3,1
KEVIN GAUSMAN,BAL,SP,R,,16,TOP SP,80,85,85,79,80,77,74,249,C,5,94,,79,84,93,,,,84,,,,,15,94,79,2023-08-23,,5,3,2
CHRIS SALE,BOS,SP,L,,17,TOP SP,87,90,92,92,82,90,81,274,B,4,95,,79,87,94,,,,,,,,,16,95,79,2023-08-23,O,4,1,3
DREW POMERANZ,BOS,SP,L,,17,TOP SP,80,88,83,74,76,74,85,245,C,5,91,,,81,89,,86,79,,,,,,12,91,79,2023-08-23,,2,2,
KYLE HENDRICKS,CHC,SP,R,,16,TOP SP,86,97,85,97,85,81,76,279,B,5,89,75,,80,,87,87,,,,,,,14,89,75,2023-08-23,O,2,1,1
RICH HILL,CHC,SP,L,,07,TOP SP,82,83,90,89,74,79,80,262,C,4,90,73,83,81,,,,,,,,,,17,90,73,2023-08-23,O,2,2,
CARLOS RODON,CWS,SP,L,,21,TOP SP,82,95,96,94,75,67,67,285,B,4,96,76,85,85,,,,,,,,,,20,96,76,2023-08-23,O,2,1,1
LUCAS GIOLITO,CWS,SP,R,,19,TOP SP,83,90,95,93,83,74,68,278,B,4,94,79,84,81,,,,,,,,,,15,94,79,2023-08-23,O,3,1,2
JOHNNY CUETO,CIN,SP,R,,14,TOP SP,87,93,91,94,77,87,85,278,B,5,93,,83,83,93,,88,,,,,,,10,93,83,2023-08-23,O,5,4,1
TYLER MAHLE,CIN,SP,R,,21,TOP SP,80,78,87,75,72,80,90,240,C,3,93,,87,,,,,,86,,,,,7,93,86,2023-08-23,O,1,1,
CAL QUANTRILL,CLE,SP,R,,22,TOP SP,80,82,71,78,79,83,87,231,C,5,93,82,,85,,94,88,,,,,,,12,94,82,2023-08-23,O,1,1,
CARLOS CARRASCO,CLE,SP,R,,17,TOP SP,87,90,91,92,79,90,84,273,B,5,94,83,85,88,93,,,,,,,,,11,94,83,2023-08-23,O,2,1,1
ANTONIO SENZATELA,COL,SP,R,,21,TOP SP,80,80,77,79,88,78,78,236,C,5,94,77,86,85,,94,,,,,,,,17,94,77,2023-08-23,O,1,1,
GERMAN MARQUEZ,COL,SP,R,,18,TOP SP,84,80,91,81,78,87,88,252,C,5,96,,85,85,93,,,82,,,,,,14,96,82,2023-08-23,O,2,1,1
MAX SCHERZER,DET,SP,R,側投,13,TOP SP,87,89,93,93,83,88,81,275,B,4,93,77,85,84,,,,,,,,,,16,93,77,2023-08-23,,9,5,4
MICHAEL FULMER,DET,SP,R,,17,TOP SP,80,84,73,90,83,76,74,247,C,5,96,,89,87,96,,,78,,,,,,18,96,78,2023-08-23,O,1,1,
COLLIN MCHUGH,HOU,SP,R,,15,TOP SP,82,83,84,82,79,83,81,249,C,5,90,72,,82,90,,87,,,,,,,18,90,72,2023-08-23,O,3,1,2
LANCE MCCULLERS,HOU,SP,R,側投?,21,TOP SP,82,92,92,82,72,78,76,266,B,5,,,85,85,,94,90,84,,,,,,10,94,84,2023-08-23,O,2,1,1
JAKOB JUNIS,KC,SP,R,,18,TOP SP,80,78,83,80,81,82,76,241,C,5,91,79,82,84,,91,,,,,,,,12,91,79,2023-08-23,O,1,1,
ZACK GREINKE,KC,SP,R,,09,TOP SP,87,93,92,92,86,85,79,277,B,5,93,72,85,83,93,,,,,,,,,21,93,72,2023-08-23,O,4,1,3
ALEX COBB,LAA,SP,R,,21,TOP SP,80,84,88,79,79,75,75,251,C,4,93,,,,,92,,83,87,,,,,10,93,83,2023-08-23,,4,3,1
REID DETMERS,LAA,SP,L,,22,TOP SP,80,83,88,83,80,73,73,254,C,5,93,73,85,84,,93,,,,,,,,20,93,73,2023-08-23,O,2,1,1
KENTA MAEDA,LAD,SP,R,,16,TOP SP,85,89,91,90,78,77,85,270,B,5,90,72,81,82,89,,,,,,,,,18,90,72,2023-08-23,O,2,2,
NATHAN EOVALDI,MIA,SP,R,,14,TOP SP,82,81,84,83,79,80,85,248,C,5,96,76,86,87,96,,,,,,,,,20,96,76,2023-08-23,,5,4,1
PABLO LOPEZ,MIA,SP,R,,22,TOP SP,80,76,82,78,77,79,88,236,C,5,93,80,87,,,93,89,,,,,,,13,93,80,2023-08-23,,3,3,
BRANDON WOODRUFF,MIL,SP,R,,21,TOP SP,83,91,88,91,80,79,71,270,B,5,96,84,86,86,,96,,,,,,,,12,96,84,2023-08-23,O,2,1,1
JIMMY NELSON,MIL,SP,R,,17,TOP SP,80,86,89,81,75,76,73,256,C,5,93,,88,87,,94,,84,,,,,,10,94,84,2023-08-23,O,1,1,
JAKE ODORIZZI,MIN,SP,R,,19,TOP SP,82,88,89,84,81,74,76,261,C,4,93,75,,,,,85,,85,,,,,18,93,75,2023-08-23,O,2,1,1
JOSE BERRIOS,MIN,SP,R,,19,TOP SP,82,84,81,82,79,89,81,247,C,4,93,81,,82,92,,,,,,,,,12,93,81,2023-08-23,O,2,1,1
ZACK WHEELER,NYM,SP,R,,19,TOP SP,81,79,82,78,86,86,75,239,C,5,97,80,91,89,96,,,,,,,,,17,97,80,2023-08-23,,4,2,2
JORDAN MONTGOMERY,NYY,SP,L,,21,TOP SP,80,82,86,77,79,76,80,245,C,5,92,80,,82,,92,87,,,,,,,12,92,80,2023-08-23,O,2,2,
LUIS SEVERINO,NYY,SP,R,,17,TOP SP,87,92,91,93,83,86,79,276,B,3,97,,88,87,,,,,,,,,,10,97,87,2023-08-23,O,2,1,1
CHRIS BASSITT,OAK,SP,R,,21,TOP SP,80,90,84,91,77,69,69,265,B,5,93,,77,85,,92,89,,,,,,,16,93,77,2023-08-23,O,4,2,2
SONNY GRAY,OAK,SP,R,,15,TOP SP,87,97,83,96,85,89,77,276,B,5,93,81,85,87,93,,,,,,,,,12,93,81,2023-08-23,O,4,2,2
VINCE VELASQUEZ,PHI,SP,R,,18,TOP SP,81,77,95,78,77,76,83,250,C,5,93,,85,87,92,,,81,,,,,,12,93,81,2023-08-23,O,2,1,1
ZACH EFLIN,PHI,SP,R,,18,TOP SP,81,79,86,79,90,76,76,244,C,5,94,77,85,86,93,,,,,,,,,17,94,77,2023-08-23,,3,2,1
JOE MUSGROVE,PIT,SP,R,,19,TOP SP,80,75,80,83,80,76,86,238,C,5,92,82,83,85,,91,,,,,,,,10,92,82,2023-08-23,,4,3,1
TREVOR WILLIAMS,PIT,SP,R,,18,TOP SP,80,91,73,85,84,72,75,249,C,5,91,76,81,83,,89,,,,,,,,15,91,76,2023-08-23,O,2,2,
CHRIS PADDACK,SD,SP,R,,19,TOP SP,82,89,86,94,81,71,71,269,B,3,93,76,,84,,,,,,,,,,17,93,76,2023-08-23,O,1,1,
YU DARVISH,SD,SP,R,,22,TOP SP,82,84,84,91,78,87,71,259,C,5,95,,82,,,94,86,,89,,,,,13,95,82,2023-08-23,,4,3,1
JAMES PAXTON,SEA,SP,L,,17,TOP SP,82,92,90,91,79,70,70,273,B,4,96,,,87,,,89,80,,,,,,16,96,80,2023-08-23,O,2,2,
MARCO GONZALES,SEA,SP,L,,19,TOP SP,82,81,72,77,81,90,91,230,C,5,88,76,,81,,89,85,,,,,,,13,89,76,2023-08-23,O,2,1,1
ANTHONY DESCLAFANI,SF,SP,R,,21,TOP SP,81,89,78,88,83,71,78,255,C,5,93,,87,88,,94,,83,,,,,,11,94,83,2023-08-23,O,3,1,2
JOHNNY CUETO,SF,SP,R,,16,TOP SP,87,95,85,94,87,89,77,274,B,5,92,,83,82,91,,87,,,,,,,10,92,82,2023-08-23,,5,4,1
ADAM WAINWRIGHT,STL,SP,R,,13,TOP SP,87,91,86,92,86,87,85,269,B,5,91,75,,83,,91,87,,,,,,,16,91,75,2023-08-23,O,2,1,1
LANCE LYNN,STL,SP,R,,14,TOP SP,86,96,90,83,79,85,88,269,B,5,92,79,87,85,91,,,,,,,,,13,92,79,2023-08-23,O,6,2,4
BLAKE SNELL,TB,SP,L,,18,TOP SP,83,92,90,91,76,77,74,273,B,4,96,81,88,87,,,,,,,,,,15,96,81,2023-08-23,O,3,2,1
YU DARVISH,TEX,SP,R,,12,TOP SP,82,83,97,83,71,84,74,263,C,5,92,69,81,,92,,89,,,,,,,23,92,69,2023-08-23,O,4,3,1
MARCUS STROMAN,TOR,SP,R,,17,TOP SP,84,92,76,78,82,90,89,246,C,5,93,82,86,82,93,,,,,,,,,11,93,82,2023-08-23,,4,2,2
PATRICK CORBIN,WSH,SP,L,,19,TOP SP,87,92,92,87,85,87,84,271,B,5,92,68,81,82,92,,,,,,,,,24,92,68,2023-08-23,,4,2,2
JACK MORRIS,DET,SP,R,,,LEGEND,90,96,90,93,84,90,90,279,B,4,93,,85,82,90,,,,,,84,,,11,93,82,2023-08-23,O,1,1,
JOHN FRANCO,NYM,CP,L,側投?,,LEGEND,90,100,82,97,84,90,90,279,B,4,87,,82,81,,,,,80,,,,,7,87,80,2023-08-23,O,1,1,
CORBIN BURNES,MIL,SP,R,,23,POM PIT,84,86,86,89,69,90,89,261,C,5,,81,88,90,,96,95,,,,,,,15,96,81,2023-08-16,,3,3,
TYLER GLASNOW,TB,SP,R,,23,POM PIT,84,84,87,85,76,89,88,256,C,3,97,84,90,,,,,,,,,,,13,97,84,2023-08-16,O,2,1,1
DEVIN WILLIAMS,MIL,CP,R,,23,POM RP/CP,83,83,88,81,80,84,87,252,C,3,93,,,83,,,87,,,,,,,10,93,83,2023-08-16,,4,3,1
FELIX BAUTISTA,BAL,CP,R,,23,POM RP/CP,83,85,86,86,76,87,83,257,C,4,99,,85,,,,90,,88,,,,,14,99,85,2023-08-16,,4,4,
ANGEL PERDOMO,PIT,RP,L,,23,POM PI,81,80,84,84,79,80,84,248,C,3,93,,83,91,,,,,,,,,,10,93,83,2023-08-16,O,1,1,
AROLDIS CHAPMAN,TEX,RP,L,,23,POM PI,81,77,88,86,82,78,80,251,C,4,97,,85,,,100,,,88,,,,,15,100,85,2023-08-16,,6,3,3
BRANDON BIELAK,HOU,SP,R,,23,POM PI,81,89,78,75,71,85,88,242,C,5,93,79,82,87,,93,,,,,,,,14,93,79,2023-08-16,O,1,1,
BROCK BURKE,TEX,RP,L,,23,POM PI,80,87,69,77,81,84,86,233,C,4,95,,87,88,,93,,,,,,,,8,95,87,2023-08-16,O,1,1,
CHARLIE MORTON,ATL,SP,R,,23,POM PI,80,80,73,72,72,90,93,225,D,5,95,81,87,,,94,88,,,,,,,14,95,81,2023-08-16,,2,2,
CLARKE SCHMIDT,NYY,SP,R,,23,POM PI,80,70,77,88,80,81,84,235,C,5,93,,86,87,,95,,83,,,,,,12,95,83,2023-08-16,O,2,1,1
COLIN POCHE,TB,RP,L,,23,POM PI,81,82,85,83,79,78,81,250,C,3,93,79,82,,,,,,,,,,,14,93,79,2023-08-16,O,2,1,1
CRISTOPHER SANCHEZ,PHI,SP,L,,23,POM PI,79,84,68,89,74,79,81,241,C,3,,,84,84,,93,,,,,,,,9,93,84,2023-08-16,O,1,,1
DOMINIC LEONE,NYM,RP,R,,23,POM PI,81,82,87,81,78,78,85,250,C,4,96,,85,,,95,91,,,,,,,11,96,85,2023-08-16,,3,2,1
EMILIO PAGAN,MIN,RP,R,,23,POM PI,81,83,71,86,81,82,88,240,C,4,96,,84,,,,85,,88,,,,,12,96,84,2023-08-16,O,2,1,1
ENYEL DE LOS SANTOS,CLE,RP,R,,23,POM PI,81,86,71,81,80,83,90,238,C,4,95,,83,87,,,85,,,,,,,12,95,83,2023-08-16,O,2,1,1
GEORGE SORIANO,MIA,RP,R,,23,POM PI,81,86,83,86,71,87,78,255,C,3,94,,83,89,,,,,,,,,,11,94,83,2023-08-16,O,1,1,
GRAHAM ASHCRAFT,CIN,SP,R,,23,POM PI,78,89,70,71,71,83,84,230,C,4,,,85,90,,96,97,,,,,,,12,97,85,2023-08-16,O,1,,1
JAVIER ASSAD,CHC,RP,R,,23,POM PI,81,87,77,85,77,87,78,249,C,5,93,,81,85,,92,88,,,,,,,12,93,81,2023-08-16,O,1,1,
JAY JACKSON,TOR,RP,R,,23,POM PI,81,87,78,87,81,80,78,252,C,2,92,,83,,,,,,,,,,,9,92,83,2023-08-16,O,1,1,
JOJO ROMERO,STL,RP,L,,23,POM PI,81,76,81,84,81,86,83,241,C,5,96,,83,86,,95,87,,,,,,,13,96,83,2023-08-16,O,1,1,
JORDAN WEEMS,WSH,RP,R,,23,POM PI,81,77,84,75,74,90,91,236,C,4,97,80,88,87,,,,,,,,,,17,97,80,2023-08-16,O,1,1,
JP SEARS,OAK,SP,L,,23,POM PI,79,79,69,86,75,82,83,234,C,3,93,,79,82,,,,,,,,,,14,93,79,2023-08-16,O,1,,1
JUSTIN LAWRENCE,COL,CP,R,側投?,23,POM PI,81,80,75,85,83,85,83,240,C,2,,,82,,,95,,,,,,,,13,95,82,2023-08-16,O,1,1,
KENTA MAEDA,MIN,SP,R,,23,POM PI,81,79,89,80,79,78,81,248,C,5,89,76,82,,,89,,,84,,,,,13,89,76,2023-08-16,,2,2,
KYLE BRADISH,BAL,SP,R,,23,POM PI,80,86,74,83,75,86,81,243,C,5,94,83,87,90,,95,,,,,,,,12,95,83,2023-08-16,O,1,1,
LOGAN GILBERT,SEA,SP,R,,23,POM PI,81,82,74,82,85,86,81,238,C,5,96,,87,86,,94,,80,,,,,,16,96,80,2023-08-16,O,2,1,1
LOGAN WEBB,SF,SP,R,,23,POM PI,81,73,83,82,85,84,81,238,C,4,92,,82,86,,92,,,,,,,,10,92,82,2023-08-16,O,1,1,
LUIS MEDINA,OAK,SP,R,,23,POM PI,79,79,86,80,73,78,78,245,C,5,96,79,85,87,,95,,,,,,,,17,96,79,2023-08-16,O,1,,1
MATT STRAHM,PHI,RP,L,,23,POM PI,81,84,77,81,82,84,83,242,C,5,94,82,89,88,,94,,,,,,,,12,94,82,2023-08-16,,3,2,1
MICHAEL TONKIN,ATL,RP,R,側投?,23,POM PI,81,77,77,86,80,92,79,240,C,2,,,82,,,93,,,,,,,,11,93,82,2023-08-16,O,1,1,
NICK PIVETTA,BOS,RP,R,,23,POM PI,81,81,86,84,81,81,78,251,C,4,93,,85,87,,,,77,,,,,,16,93,77,2023-08-16,O,3,1,2
PATRICK SANDOVAL,LAA,SP,L,,23,POM PI,79,89,75,83,76,78,78,247,C,5,93,78,86,83,,93,,,,,,,,15,93,78,2023-08-16,O,1,,1
PETER LAMBERT,COL,SP,R,,23,POM PI,79,89,68,88,76,78,78,245,C,4,93,78,86,86,,,,,,,,,,15,93,78,2023-08-16,O,1,,1
RYAN BORUCKI,PIT,RP,L,側投?,23,POM PI,81,82,85,85,73,83,83,252,C,3,,,87,84,,95,,,,,,,,11,95,84,2023-08-16,O,1,1,
RYAN BRASIER,LAD,RP,R,,23,POM PI,81,86,69,87,77,84,88,242,C,4,96,,85,87,,96,,,,,,,,11,96,85,2023-08-16,O,1,1,
SETH LUGO,SD,SP,R,,23,POM PI,81,75,84,81,83,84,81,240,C,5,94,79,89,87,,94,,,,,,,,15,94,79,2023-08-16,,3,2,1
STEVEN MATZ,STL,SP,L,,23,POM PI,81,83,77,84,80,78,89,244,C,4,,78,89,85,,94,,,,,,,,16,94,78,2023-08-16,O,2,1,1
TANNER BIBEE,CLE,SP,R,,23,POM PI,81,86,82,83,77,82,81,251,C,4,95,79,85,83,,,,,,,,,,16,95,79,2023-08-16,O,1,1,
TAYLER SAUCEDO,SEA,RP,L,,23,POM PI,81,88,73,78,80,82,86,239,C,5,93,77,83,86,,92,,,,,,,,16,93,77,2023-08-16,O,1,1,
TOMMY HENRY,AZ,SP,L,,23,POM PI,78,74,75,72,77,85,85,221,D,5,91,80,85,84,,91,,,,,,,,11,91,80,2023-08-16,O,1,,1
TOUKI TOUSSAINT,CWS,SP,R,,23,POM PI,80,79,75,76,72,83,95,230,C,4,93,76,,,,92,,,86,,,,,17,93,76,2023-08-16,O,1,1,
TREVOR RICHARDS,TOR,RP,R,,23,POM PI,81,81,88,72,77,87,86,241,C,3,93,85,,83,,,,,,,,,,10,93,83,2023-08-16,O,2,1,1
TYLER GILBERT,AZ,RP,L,,23,POM PI,80,80,75,80,83,84,78,235,C,5,89,,,,,89,86,76,81,,,,,13,89,76,2023-08-16,O,1,1,
TYLER HOLTON,DET,RP,L,,23,POM PI,81,83,76,86,82,80,83,245,C,5,90,77,,82,,90,87,,,,,,,13,90,77,2023-08-16,O,1,1,
BRUCE SUTTER,STL,CP,R,,,LEGEND,90,98,95,98,83,85,86,291,B,5,92,80,83,,89,,,,88,,,,,12,92,80,2023-08-09,O,1,1,
MIKE MUSSINA,BAL,SP,R,,,LEGEND,90,96,93,94,84,89,89,283,B,5,88,,82,,,86,87,68,,,,,,20,88,68,2023-08-09,O,1,1,
AARON LOUP,NYM,RP,L,側投,21,TOP RP,85,95,81,94,82,73,86,270,B,4,,75,,80,,92,84,,,,,,,17,92,75,2023-08-02,O,3,2,1
ADAM CIMBER,CLE,RP,R,低肩,19,TOP RP,80,82,73,83,81,73,88,238,C,3,85,,75,,,85,,,,,,,,10,85,75,2023-08-02,O,2,1,1
ADAM OTTAVINO,BOS,RP,R,,21,TOP RP,80,79,89,75,73,78,88,243,C,5,96,79,80,,,94,87,,,,,,,17,96,79,2023-08-02,,4,2,2
ALEX COLOME,TB,CP,R,,17,TOP CP,87,91,88,92,94,78,79,271,B,3,95,,,90,,,89,,,,,,,6,95,89,2023-08-02,O,3,2,1
ALEX VESIA,LAD,RP,L,,22,TOP RP,84,91,94,86,76,72,86,271,B,3,93,,85,85,,,,,,,,,,8,93,85,2023-08-02,O,1,1,
ALEXIS DIAZ,CIN,RP,R,,22,TOP RP,85,94,93,93,69,81,82,280,B,3,96,81,87,,,,,,,,,,,15,96,81,2023-08-02,O,2,2,
ANDREW CHAFIN,CHC,RP,L,,21,TOP RP,87,95,79,95,86,83,89,269,B,4,92,,82,85,,92,,,,,,,,10,92,82,2023-08-02,O,4,3,1
BLAKE TREINEN,OAK,CP,R,,18,TOP CP,87,95,80,94,88,88,82,269,B,5,97,,89,83,,97,94,,,,,,,14,97,83,2023-08-02,O,3,1,2
BRAD BOXBERGER,MIL,RP,R,,21,TOP RP,86,87,94,92,78,80,90,273,B,3,93,,88,82,,,,,,,,,,11,93,82,2023-08-02,O,1,1,
BRAD HAND,CLE,RP,L,,18,TOP RP,87,91,96,91,75,84,88,278,B,3,93,,82,,93,,,,,,,,,11,93,82,2023-08-02,O,5,2,3
CALEB THIELBAR,MIN,RP,L,,22,TOP RP,86,83,95,86,88,77,89,264,B,4,92,72,81,82,,,,,,,,,,20,92,72,2023-08-02,O,1,1,
CARLOS ESTEVEZ,COL,RP,R,,19,TOP RP,86,87,87,84,87,85,89,258,C,4,97,,87,90,97,,,,,,,,,10,97,87,2023-08-02,,2,2,
CHAD GREEN,NYY,RP,R,,18,TOP RP,87,91,90,91,89,85,81,272,B,3,96,,87,,,,,,88,,,,,9,96,87,2023-08-02,O,2,1,1
CHRIS DEVENSKI,HOU,RP,R,,16,TOP RP,87,94,83,95,88,93,72,272,B,4,92,,82,80,,,,76,,,,,,16,92,76,2023-08-02,O,3,2,1
CHRIS MARTIN,ATL,RP,R,,20,TOP RP,84,94,84,95,85,70,77,273,B,5,93,,82,86,,94,90,,,,,,,12,94,82,2023-08-02,O,3,1,2
CRAIG KIMBREL,CHC,CP,R,,21,TOP CP,84,91,95,92,75,74,80,278,B,2,96,,,,,,,86,,,,,,10,96,86,2023-08-02,O,6,3,3
DANIEL HUDSON,WSH,CP,R,,20,TOP CP,80,76,94,84,77,73,76,254,C,4,96,74,85,88,,,,,,,,,,22,96,74,2023-08-02,O,3,2,1
DAVID ROBERTSON,NYY,RP,R,,13,TOP RP,87,94,93,92,83,79,86,279,B,4,92,,,87,,,91,80,,,,,,12,92,80,2023-08-02,O,4,2,2
DEREK LAW,SF,RP,R,,16,TOP RP,84,92,78,93,89,71,81,263,C,4,92,77,84,82,,,,,,,,,,15,92,77,2023-08-02,O,1,1,
DEVIN WILLIAMS,MIL,RP,R,,22,TOP RP,87,95,97,93,76,78,87,285,B,3,93,,,83,,,87,,,,,,,10,93,83,2023-08-02,O,4,3,1
DOMINIC LEONE,TOR,RP,R,,17,TOP RP,87,93,90,92,82,86,84,275,B,4,94,,83,,93,,89,,,,,,,11,94,83,2023-08-02,O,3,2,1
DREW POMERANZ,OAK,RP,L,,15,TOP RP,83,81,85,86,81,92,74,252,C,5,92,79,,84,88,,,80,,,,,,13,92,79,2023-08-02,O,2,2,
DUANE UNDERWOOD JR.,PIT,RP,R,,22,TOP RP,80,80,85,78,76,80,81,243,C,5,96,82,,89,,95,92,,,,,,,14,96,82,2023-08-02,O,1,1,
DYLAN COLEMAN,KC,RP,R,,22,TOP RP,83,90,84,83,70,86,89,257,C,3,97,,83,,,98,,,,,,,,15,98,83,2023-08-02,O,1,1,
DYLAN FLORO,MIA,CP,R,側投?,21,TOP CP,80,84,72,77,83,82,87,233,C,4,93,,87,86,,94,,,,,,,,8,94,86,2023-08-02,O,1,1,
EDWIN DIAZ,SEA,CP,R,,18,TOP CP,87,92,93,95,83,82,82,280,B,4,97,,89,92,97,,,,,,,,,8,97,89,2023-08-02,O,5,4,1
ERIK SWANSON,SEA,RP,R,,22,TOP RP,86,93,92,93,88,71,81,278,B,3,93,,85,,,,,,83,,,,,10,93,83,2023-08-02,O,3,2,1
GENESIS CABRERA,STL,RP,L,,21,TOP RP,84,84,88,84,74,85,90,256,C,4,97,80,,89,,97,,,,,,,,17,97,80,2023-08-02,O,2,1,1
JACOB WEBB,ATL,RP,R,,19,TOP RP,80,95,75,90,79,70,71,260,C,3,95,81,,85,,,,,,,,,,14,95,81,2023-08-02,O,2,1,1
JAKE DIEKMAN,PHI,RP,L,側投,14,TOP RP,83,82,94,78,76,82,87,254,C,3,,,84,87,,97,,,,,,,,13,97,84,2023-08-02,O,4,2,2
JASON FOLEY,DET,RP,R,,22,TOP RP,80,82,74,78,85,78,83,236,C,4,96,,85,89,,96,,,,,,,,11,96,85,2023-08-02,,2,2,
JIMMY HERGET,LAA,RP,R,低肩X,22,TOP RP,84,91,76,94,85,87,74,261,C,5,92,74,83,84,,90,,,,,,,,18,92,74,2023-08-02,O,2,1,1
JOHN BREBBIA,STL,RP,R,,19,TOP RP,87,89,91,89,83,85,87,269,B,4,93,,83,87,,,88,,,,,,,10,93,83,2023-08-02,O,3,2,1
JOSE ALVARADO,TB,RP,L,,18,TOP RP,87,94,93,92,82,78,88,279,B,4,96,84,,,,97,89,,,,,,,13,97,84,2023-08-02,O,3,1,2
JOSE CASTILLO,SD,RP,L,,18,TOP RP,83,84,92,92,77,77,78,268,B,3,94,,83,88,,,,,,,,,,11,94,83,2023-08-02,O,1,1,
JOSE CISNERO,HOU,RP,R,,13,TOP RP,80,81,91,77,81,75,75,249,C,5,92,79,85,85,92,,,,,,,,,13,92,79,2023-08-02,,2,2,
JOSE LECLERC,TEX,CP,R,,19,TOP CP,80,74,87,75,67,86,91,236,C,5,97,77,82,90,96,,,,,,,,,20,97,77,2023-08-02,O,2,1,1
JOSH STAUMONT,KC,RP,R,,21,TOP RP,85,90,86,91,81,81,85,267,B,3,96,81,,,,96,,,,,,,,15,96,81,2023-08-02,O,1,1,
JUSTIN WILSON,PIT,RP,L,,13,TOP RP,84,94,78,92,77,87,78,264,B,5,95,78,,87,95,,91,,,,,,,17,95,78,2023-08-02,O,3,1,2
KEEGAN AKIN,BAL,RP,L,,22,TOP RP,83,85,77,88,88,93,71,250,C,4,93,75,85,83,,,,,,,,,,18,93,75,2023-08-02,O,1,1,
KENDALL GRAVEMAN,CWS,RP,R,,22,TOP RP,83,88,84,76,80,83,87,248,C,5,96,83,89,90,,96,,,,,,,,13,96,83,2023-08-02,O,1,1,
KEVIN GINKEL,AZ,RP,R,,19,TOP RP,83,92,85,90,79,77,77,267,B,3,93,,83,83,,,,,,,,,,10,93,83,2023-08-02,O,1,1,
LIAM HENDRIKS,TOR,RP,R,,15,TOP RP,83,85,88,88,81,79,78,261,C,5,95,77,87,89,94,,,,,,,,,18,95,77,2023-08-02,,5,3,2
MATT MOORE,TEX,RP,L,,22,TOP RP,87,96,89,87,78,91,86,272,B,3,93,,,85,,,,84,,,,,,9,93,84,2023-08-02,O,1,1,
MATT STRAHM,SD,RP,L,,18,TOP RP,81,92,85,91,78,76,69,268,B,4,93,77,87,85,,,,,,,,,,16,93,77,2023-08-02,O,3,2,1
NICK RAMIREZ,DET,RP,L,,19,TOP RP,80,84,78,78,79,89,73,240,C,5,90,,,79,,89,87,78,,,,,,12,90,78,2023-08-02,O,1,1,
PHIL BICKFORD,LAD,RP,R,,21,TOP RP,81,86,85,87,79,70,80,258,C,4,93,,83,85,,92,,,,,,,,10,93,83,2023-08-02,O,1,1,
RAISEL IGLESIAS,CIN,RP,R,,16,TOP RP,83,92,87,89,77,89,68,268,B,5,93,,83,85,93,92,,,,,,,,10,93,83,2023-08-02,O,3,2,1
REYES MORONTA,SF,RP,R,,18,TOP RP,86,92,90,90,79,79,88,272,B,4,97,,82,87,96,,,,,,,,,15,97,82,2023-08-02,O,2,1,1
RICHARD BLEIER,MIA,RP,L,,21,TOP RP,83,89,72,94,86,74,88,255,C,5,90,,79,83,,90,87,,,,,,,11,90,79,2023-08-02,O,2,1,1
ROBERT STEPHENSON,COL,RP,R,,21,TOP RP,80,87,86,79,80,71,77,252,C,4,96,81,84,,,,,,87,,,,,15,96,81,2023-08-02,O,2,1,1
SERANTHONY DOMINGUEZ,PHI,RP,R,,22,TOP RP,81,86,89,85,78,70,78,260,C,4,97,,89,92,,98,,,,,,,,9,98,89,2023-08-02,O,2,1,1
SETH LUGO,NYM,RP,R,,19,TOP RP,87,92,91,94,83,87,80,277,B,5,94,79,88,87,93,,,,,,,,,15,94,79,2023-08-02,O,3,2,1
TANNER BANKS,CWS,RP,L,,22,TOP RP,80,86,78,86,84,75,71,250,C,5,93,82,87,85,,93,,,,,,,,11,93,82,2023-08-02,O,1,1,
TANNER HOUCK,BOS,RP,R,,22,TOP RP,80,87,79,86,76,81,71,252,C,4,95,,85,,,94,,,87,,,,,10,95,85,2023-08-02,O,1,1,
TANNER SCOTT,BAL,RP,L,,20,TOP RP,83,93,85,89,70,73,89,267,B,3,96,,88,,,96,,,,,,,,8,96,88,2023-08-02,O,2,2,
TAYLOR CLARKE,AZ,RP,R,,21,TOP RP,80,81,84,80,84,74,77,245,C,4,96,79,87,89,,,,,,,,,,17,96,79,2023-08-02,,2,2,
TAYLOR ROGERS,MIN,CP,L,,19,TOP CP,86,92,87,94,84,87,75,273,B,5,94,80,82,,95,94,,,,,,,,15,95,80,2023-08-02,O,3,2,1
TREVOR GOTT,LAA,RP,R,,15,TOP RP,80,89,76,85,80,74,76,250,C,4,96,80,,88,96,,,,,,,,,16,96,80,2023-08-02,,2,2,
WANDER SUERO,WSH,RP,R,,19,TOP RP,86,82,89,87,85,84,92,258,C,4,94,79,,87,,,93,,,,,,,15,94,79,2023-08-02,O,1,1,
ROLLIE FINGERS,MIL,CP,R,,,LEGEND,90,99,85,96,85,90,90,280,B,4,93,,83,79,,90,,,,,84,,,14,93,79,2023-07-26,O,1,1,
TOM GLAVINE,ATL,SP,L,,,LEGEND,90,99,89,94,85,89,89,282,B,5,84,69,,77,,82,79,,,,,,,15,84,69,2023-07-26,O,1,1,
ALEX COBB,SF,SP,R,,23,ASG,85,95,88,83,89,78,77,266,B,4,96,,,,,95,,84,89,,,,,12,96,84,2023-07-26,O,4,3,1
ALEXIS DIAZ,CIN,CP,R,,23,ASG,86,88,91,88,77,85,87,267,B,3,96,81,87,,,,,,,,,,,15,96,81,2023-07-26,,2,2,
BRYCE ELDER,ATL,SP,R,,23,ASG,85,95,80,91,79,86,79,266,B,5,91,,82,85,,91,91,,,,,,,9,91,82,2023-07-26,O,1,1,
CAMILO DOVAL,SF,CP,R,,23,ASG,86,90,89,87,78,88,87,266,B,3,,,87,,,98,99,,,,,,,12,99,87,2023-07-26,O,3,2,1
CARLOS ESTEVEZ,LAA,CP,R,,23,ASG,85,93,88,85,82,79,83,266,B,3,97,,87,88,,,,,,,,,,10,97,87,2023-07-26,O,2,2,
CLAYTON KERSHAW,LAD,SP,L,,23,ASG,86,92,89,91,87,82,76,272,B,5,90,73,86,83,,91,,,,,,,,18,91,73,2023-07-26,O,4,2,2
CORBIN BURNES,MIL,SP,R,,23,ASG,85,86,87,90,82,85,80,263,C,5,,81,88,90,,96,95,,,,,,,15,96,81,2023-07-26,,3,3,
CRAIG KIMBREL,PHI,CP,R,,23,ASG,85,82,95,89,81,79,84,266,B,2,96,,,,,,,86,,,,,,10,96,86,2023-07-26,,6,3,3
DAVID BEDNAR,PIT,CP,R,,23,ASG,85,92,83,92,90,75,78,267,B,4,96,77,,,,95,,,90,,,,,19,96,77,2023-07-26,O,2,2,
DEVIN WILLIAMS,MIL,CP,R,,23,ASG,85,94,90,91,91,69,75,275,B,3,93,,,83,,,87,,,,,,,10,93,83,2023-07-26,,4,3,1
EMMANUEL CLASE,CLE,CP,R,,23,ASG,86,93,84,92,82,82,83,269,B,3,100,,92,,,,99,,,,,,,8,100,92,2023-07-26,,5,5,
FELIX BAUTISTA,BAL,CP,R,,23,ASG,86,91,93,88,81,85,83,272,B,4,99,,85,,,,90,,88,,,,,14,99,85,2023-07-26,O,4,4,
FRAMBER VALDEZ,HOU,SP,L,,23,ASG,86,93,87,92,84,89,76,272,B,5,93,79,,89,,94,83,,,,,,,15,94,79,2023-07-26,,6,5,1
GEORGE KIRBY,SEA,SP,R,,23,ASG,85,90,80,92,91,83,74,262,C,5,95,80,85,,,94,88,,,,,,,15,95,80,2023-07-26,O,2,1,1
GERRIT COLE,NYY,SP,R,,23,ASG,86,91,88,88,81,88,85,267,B,5,97,,89,89,,,92,83,,,,,,14,97,83,2023-07-26,,9,7,2
JORDAN ROMANO,TOR,CP,R,,23,ASG,85,87,86,86,87,80,84,259,C,3,97,,87,,,96,,,,,,,,10,97,87,2023-07-26,O,2,2,
JOSH HADER,SD,CP,L,,23,ASG,85,94,94,92,81,71,78,280,B,4,96,,83,89,,97,,,,,,,,14,97,83,2023-07-26,,6,4,2
JOSIAH GRAY,WSH,SP,R,,23,ASG,85,92,84,80,80,85,89,256,C,5,94,82,85,88,,94,,,,,,,,12,94,82,2023-07-26,O,1,1,
JUSTIN STEELE,CHC,SP,L,,23,ASG,85,95,83,94,86,77,75,272,B,5,92,78,82,87,,91,,,,,,,,14,92,78,2023-07-26,O,2,1,1
KENLEY JANSEN,BOS,CP,R,,23,ASG,85,91,90,86,90,73,80,267,B,3,,,81,,,94,92,,,,,,,13,94,81,2023-07-26,O,5,4,1
KEVIN GAUSMAN,TOR,SP,R,,23,ASG,86,89,92,87,82,87,84,268,B,4,95,,84,84,,,,,85,,,,,11,95,84,2023-07-26,O,5,3,2
KODAI SENGA,NYM,SP,R,,23,ASG,85,91,96,82,84,79,78,269,B,4,96,71,82,,,,90,,,,84,,,25,96,71,2023-07-26,O,2,2,
LUIS CASTILLO,SEA,SP,R,斜肩,23,ASG,86,91,90,90,84,83,78,271,B,4,97,,86,88,,96,,,,,,,,11,97,86,2023-07-26,O,3,1,2
MARCUS STROMAN,CHC,SP,R,,23,ASG,86,93,78,91,84,88,86,262,C,5,92,,84,,,92,89,,87,,,,,8,92,84,2023-07-26,O,4,2,2
MICHAEL LORENZEN,DET,SP,R,,23,ASG,85,89,84,95,84,80,78,268,B,5,94,,83,85,,94,90,,,,,,,11,94,83,2023-07-26,O,2,1,1
MITCH KELLER,PIT,SP,R,,23,ASG,86,88,89,89,82,88,85,266,B,5,96,79,84,91,,94,,,,,,,,17,96,79,2023-07-26,O,1,1,
NATHAN EOVALDI,TEX,SP,R,,23,ASG,86,92,84,93,87,89,76,269,B,5,96,78,86,,,,91,,87,,,,,18,96,78,2023-07-26,O,5,4,1
PABLO LOPEZ,MIN,SP,R,,23,ASG,86,81,93,88,82,88,86,262,C,5,93,80,,87,,93,89,,,,,,,13,93,80,2023-07-26,,3,3,
SHANE MCCLANAHAN,TB,SP,L,,23,ASG,86,92,86,86,85,83,86,264,B,4,97,82,89,87,,,,,,,,,,15,97,82,2023-07-26,,3,2,1
SHOHEI OHTANI,LAA,SP,R,,23,ASG,85,90,93,91,75,83,78,274,B,5,97,77,85,,,,91,,89,,,,,20,97,77,2023-07-26,,5,4,1
SONNY GRAY,MIN,SP,R,,23,ASG,85,94,88,83,83,79,83,265,B,5,92,79,81,,,92,83,,,,,,,13,92,79,2023-07-26,,4,2,2
SPENCER STRIDER,ATL,SP,R,,23,ASG,85,85,94,90,79,81,81,269,B,3,98,,86,89,,,,,,,,,,12,98,86,2023-07-26,O,3,2,1
YENNIER CANO,BAL,RP,R,,23,ASG,86,93,78,92,88,85,83,263,C,4,96,,87,90,,95,,,,,,,,9,96,87,2023-07-26,O,2,2,
ZAC GALLEN,AZ,SP,R,,23,ASG,86,93,89,92,82,84,81,274,B,5,93,,87,86,,,90,81,,,,,,12,93,81,2023-07-26,O,3,2,1
BLAKE SNELL,SD,SP,L,,23,POM PIT,84,86,86,86,78,87,86,258,C,4,96,81,89,87,,,,,,,,,,15,96,81,2023-07-19,,3,2,1
JAMES PAXTON,BOS,SP,L,,23,POM PIT,84,86,82,86,82,87,86,254,C,4,96,,,85,,,85,81,,,,,,15,96,81,2023-07-19,,2,2,
CRAIG KIMBREL,PHI,CP,R,,23,POM RP/CP,83,84,87,85,78,84,85,256,C,2,96,,,,,,,86,,,,,,10,96,86,2023-07-19,,6,3,3
FELIX BAUTISTA,BAL,CP,R,,23,POM RP/CP,83,84,87,86,78,83,85,257,C,4,99,,85,,,,90,,88,,,,,14,99,85,2023-07-19,,4,4,
A.J. MINTER,ATL,RP,L,,23,POM PI,81,80,81,86,77,82,85,247,C,3,96,,,87,,,89,,,,,,,9,96,87,2023-07-19,O,3,1,2
AARON BUMMER,CWS,RP,L,,23,POM PI,79,77,88,78,71,78,82,243,C,4,95,,82,,,95,86,,,,,,,13,95,82,2023-07-19,O,2,,2
AARON CIVALE,CLE,SP,R,,23,POM PI,78,79,77,70,77,81,84,226,D,5,92,78,83,,,93,88,,,,,,,15,93,78,2023-07-19,O,1,,1
ADAM OTTAVINO,NYM,RP,R,,23,POM PI,79,77,82,75,71,83,86,234,C,5,93,,80,87,,92,87,,,,,,,13,93,80,2023-07-19,,4,2,2
ADBERT ALZOLAY,CHC,CP,R,,23,POM PI,79,83,82,83,73,78,80,248,C,4,95,,87,,,95,91,,,,,,,8,95,87,2023-07-19,O,2,1,1
ANDREW NARDI,MIA,RP,L,,23,POM PI,81,81,85,84,80,78,83,250,C,2,96,,83,,,,,,,,,,,13,96,83,2023-07-19,O,1,1,
AUSTIN GOMBER,COL,SP,L,,23,POM PI,78,70,79,70,75,83,91,219,D,5,90,,85,82,,91,,78,,,,,,13,91,78,2023-07-19,,2,,2
AUSTIN PRUITT,OAK,RP,R,,23,POM PI,79,80,70,78,82,84,80,228,C,5,92,81,87,87,,92,,,,,,,,11,92,81,2023-07-19,O,1,,1
BRADY SINGER,KC,SP,R,,23,POM PI,78,79,72,71,79,82,85,222,D,3,,,84,88,,92,,,,,,,,8,92,84,2023-07-19,O,1,,1
BRAYAN BELLO,BOS,SP,R,,23,POM PI,80,84,71,85,79,86,80,240,C,5,96,,84,86,,94,89,,,,,,,12,96,84,2023-07-19,O,1,1,
BROCK STEWART,MIN,RP,R,,23,POM PI,81,83,84,83,81,79,81,250,C,5,97,,84,89,,96,94,,,,,,,13,97,84,2023-07-19,O,1,1,
BRUSDAR GRATEROL,LAD,RP,R,,23,POM PI,79,82,70,76,77,83,86,228,C,4,97,,89,,,98,95,,,,,,,9,98,89,2023-07-19,O,1,,1
DREW SMITH,NYM,RP,R,,23,POM PI,78,72,81,79,76,78,82,232,C,4,96,77,85,85,,,,,,,,,,19,96,77,2023-07-19,O,2,,2
ELVIS PEGUERO,MIL,RP,R,,23,POM PI,80,84,75,79,73,86,88,238,C,2,,,90,,,95,,,,,,,,5,95,90,2023-07-19,O,1,1,
FERNANDO CRUZ,CIN,RP,R,,23,POM PI,81,80,81,83,79,85,83,244,C,5,93,,86,83,,,89,,81,,,,,12,93,81,2023-07-19,O,1,1,
GREGORY SOTO,PHI,RP,L,,23,POM PI,80,83,70,84,80,78,85,237,C,3,99,,89,,,98,,,,,,,,10,99,89,2023-07-19,,2,2,
HOBY MILNER,MIL,RP,L,,23,POM PI,80,86,73,80,75,82,89,239,C,4,89,79,,81,,89,,,,,,,,10,89,79,2023-07-19,O,1,1,
HUNTER HARVEY,WSH,CP,R,,23,POM PI,79,81,74,78,75,80,86,233,C,4,98,82,87,,,,,,89,,,,,16,98,82,2023-07-19,O,1,,1
JACOB WEBB,LAA,RP,R,,23,POM PI,79,83,72,77,71,84,87,232,C,3,95,,83,86,,,,,,,,,,12,95,83,2023-07-19,,2,1,1
JHONY BRITO,NYY,SP,R,,23,POM PI,79,84,70,84,80,78,78,238,C,5,96,82,86,89,,95,,,,,,,,14,96,82,2023-07-19,O,1,,1
JOE BARLOW,TEX,RP,R,,23,POM PI,78,84,70,74,83,78,79,228,C,3,93,79,85,,,,,,,,,,,14,93,79,2023-07-19,O,1,,1
JORDAN MONTGOMERY,STL,SP,L,,23,POM PI,81,85,76,82,84,83,81,243,C,4,93,80,,83,,94,,,,,,,,14,94,80,2023-07-19,,2,2,
JOSE CISNERO,DET,RP,R,,23,POM PI,80,84,82,84,70,80,85,250,C,5,96,,84,89,,95,89,,,,,,,12,96,84,2023-07-19,O,2,2,
JP FRANCE,HOU,SP,R,,23,POM PI,80,85,70,78,77,88,82,233,C,5,93,76,79,81,,,86,,,,,,,17,93,76,2023-07-19,O,1,1,
JULIAN MERRYWEATHER,CHC,RP,R,,23,POM PI,81,85,86,75,75,84,86,246,C,3,98,,87,81,,,,,,,,,,17,98,81,2023-07-19,O,1,1,
JUSTIN TOPA,SEA,RP,R,側投?,23,POM PI,78,83,70,74,80,79,82,227,D,4,,,82,86,,95,92,,,,,,,13,95,82,2023-07-19,O,1,,1
KEVIN KELLY,TB,RP,R,,23,POM PI,80,85,72,86,77,82,83,243,C,3,,,76,,,90,87,,,,,,,14,90,76,2023-07-19,O,1,1,
KYLE NELSON,AZ,RP,L,,23,POM PI,80,78,83,79,82,80,83,240,C,3,92,,85,,,,87,,,,,,,7,92,85,2023-07-19,O,2,1,1
MIKE BAUMANN,BAL,RP,R,,23,POM PI,78,79,77,74,69,81,88,230,C,3,96,,92,,,,,88,,,,,,8,96,88,2023-07-19,O,1,,1
STEVEN MATZ,STL,RP,L,,23,POM PI,79,83,71,80,79,83,78,234,C,3,,79,,85,,94,,,,,,,,15,94,79,2023-07-19,,2,1,1
STEVEN OKERT,MIA,RP,L,,23,POM PI,80,77,82,78,81,81,86,237,C,2,93,,81,,,,,,,,,,,12,93,81,2023-07-19,O,1,1,
TIM MAYZA,TOR,RP,L,,23,POM PI,80,84,70,80,80,78,88,234,C,2,,,86,,,93,,,,,,,,7,93,86,2023-07-19,O,1,1,
TOM COSGROVE,SD,RP,L,,23,POM PI,79,84,72,87,74,78,79,243,C,4,92,,76,84,,91,,,,,,,,16,92,76,2023-07-19,O,1,,1
TYLER ROGERS,SF,RP,R,低肩,23,POM PI,81,84,73,80,82,86,86,237,C,2,,,72,,,82,,,,,,,,10,82,72,2023-07-19,O,2,1,1
WILL SMITH,TEX,CP,L,,23,POM PI,79,81,71,84,76,83,84,236,C,4,92,77,82,87,,,,,,,,,,15,92,77,2023-07-19,O,2,,2
YIMI GARCIA,TOR,RP,R,,23,POM PI,79,82,79,70,83,78,82,231,C,5,96,82,90,88,,95,,,,,,,,14,96,82,2023-07-19,,4,1,3
MARK BUEHRLE,CWS,SP,L,,,LEGEND,90,98,90,93,85,88,88,281,B,5,85,71,,79,85,,81,,,,,,,14,85,71,2023-07-12,O,1,1,
ALEX LANGE,DET,CP,R,,23,POM RP/CP,83,87,87,87,76,83,83,261,C,4,96,86,,89,,96,,,,,,,,10,96,86,2023-06-21,O,1,1,
CAMILO DOVAL,SF,CP,R,側投,23,POM RP/CP,83,87,88,88,74,83,83,263,C,3,,,87,,,98,99,,,,,,,12,99,87,2023-06-21,,3,2,1
MICHAEL WACHA,SD,SP,R,,23,POM PIT,84,89,80,89,80,87,84,258,C,5,93,74,,84,,92,89,,,,,,,19,93,74,2023-06-21,,4,3,1
NATHAN EOVALDI,TEX,SP,R,,23,POM PIT,84,89,80,88,83,85,84,257,C,5,96,78,86,,,,91,,87,,,,,18,96,78,2023-06-21,,5,4,1
ADRIAN MARTINEZ,OAK,RP,R,,23,POM PI,78,82,78,76,76,78,78,236,C,3,,,82,83,,94,,,,,,,,12,94,82,2023-06-21,O,1,,1
BROOKS RALEY,NYM,RP,L,,23,POM PI,78,84,81,77,69,78,79,242,C,5,,80,81,85,,91,88,,,,,,,11,91,80,2023-06-21,O,1,,1
BRYCE MILLER,SEA,SP,R,,23,POM PI,80,81,75,89,75,83,82,245,C,4,95,79,83,85,,,,,,,,,,16,95,79,2023-06-21,O,1,1,
BUCK FARMER,CIN,RP,R,,23,POM PI,80,85,78,87,76,81,78,250,C,3,94,,83,89,,,,,,,,,,11,94,83,2023-06-21,O,1,1,
CALEB FERGUSON,LAD,RP,L,,23,POM PI,79,82,85,70,73,79,85,237,C,2,95,78,,,,,,,,,,,,17,95,78,2023-06-21,O,1,,1
CARL EDWARDS JR.,WSH,RP,R,,23,POM PI,78,80,71,72,70,86,89,223,D,3,94,80,,90,,,,,,,,,,14,94,80,2023-06-21,,2,,2
CHRIS DEVENSKI,LAA,RP,R,,23,POM PI,80,81,77,89,76,82,80,247,C,4,94,,82,83,,,,76,,,,,,18,94,76,2023-06-21,,3,2,1
CHRIS MARTIN,BOS,RP,R,,23,POM PI,79,84,80,85,74,78,78,249,C,5,95,84,,,,94,92,,88,,,,,11,95,84,2023-06-21,,3,1,2
CHRIS STRATTON,STL,RP,R,,23,POM PI,80,80,86,86,72,83,78,252,C,5,92,80,86,87,,92,,,,,,,,12,92,80,2023-06-21,O,2,1,1
CLARKE SCHMIDT,NYY,SP,R,,23,POM PI,78,77,82,70,72,80,87,229,C,5,93,,86,87,,95,,83,,,,,,12,95,83,2023-06-21,,2,1,1
COLIN HOLDERMAN,PIT,RP,R,,23,POM PI,79,84,85,83,71,78,78,252,C,5,96,,86,86,,95,90,,,,,,,10,96,86,2023-06-21,O,1,,1
COLIN POCHE,TB,RP,L,,23,POM PI,78,80,72,76,76,79,85,228,C,3,93,79,82,,,,,,,,,,,14,93,79,2023-06-21,,2,1,1
DANIEL BARD,COL,RP,R,,23,POM PI,78,87,71,77,68,82,83,235,C,4,97,,88,90,,98,,,,,,,,10,98,88,2023-06-21,O,2,,2
DAURI MORETA,PIT,RP,R,,23,POM PI,81,87,87,88,73,78,78,262,C,4,96,,85,87,,95,,,,,,,,11,96,85,2023-06-21,O,1,1,
HECTOR NERIS,HOU,RP,R,,23,POM PI,80,85,84,80,75,78,83,249,C,4,94,,87,,,94,,,85,,,,,9,94,85,2023-06-21,O,2,1,1
JEFF HOFFMAN,PHI,RP,R,,23,POM PI,78,82,84,72,74,78,78,238,C,3,94,,81,87,,,,,,,,,,13,94,81,2023-06-21,O,1,,1
JESSE CHAVEZ,ATL,RP,R,,23,POM PI,80,86,84,86,69,79,81,256,C,5,91,77,,85,,91,89,,,,,,,14,91,77,2023-06-21,O,3,2,1
JOEL PAYAMPS,MIL,RP,R,,23,POM PI,80,83,86,86,69,80,81,255,C,4,95,,82,89,,94,,,,,,,,13,95,82,2023-06-21,O,2,1,1
JOSH SBORZ,TEX,RP,R,,23,POM PI,78,76,84,80,69,78,81,240,C,3,97,85,87,,,,,,,,,,,12,97,85,2023-06-21,O,1,,1
JOVANI MORAN,MIN,RP,L,,23,POM PI,80,83,78,85,76,80,83,246,C,3,93,,81,83,,,,,,,,,,12,93,81,2023-06-21,O,1,1,
KEYNAN MIDDLETON,CWS,RP,R,,23,POM PI,80,85,81,84,73,80,82,250,C,3,95,,84,87,,,,,,,,,,11,95,84,2023-06-21,O,1,1,
MARK LEITER JR.,CHC,RP,R,,23,POM PI,80,76,84,86,76,81,82,246,C,5,91,73,,84,,91,87,,,,,,,18,91,73,2023-06-21,O,1,1,
NATE PEARSON,TOR,RP,R,,23,POM PI,80,84,81,82,75,83,80,247,C,3,97,80,87,,,,,,,,,,,17,97,80,2023-06-21,O,1,1,
NICK SANDLIN,CLE,RP,R,側投,23,POM PI,79,84,73,85,80,78,79,242,C,4,94,,79,,,93,,,,88,,,,15,94,79,2023-06-21,O,1,,1
RYNE STANEK,HOU,RP,R,,23,POM PI,78,79,77,75,74,79,84,231,C,3,98,,87,,,,,,88,,,,,11,98,87,2023-06-21,O,1,,1
SCOTT MCGOUGH,AZ,RP,R,,23,POM PI,80,81,86,84,73,82,79,251,C,3,93,,87,,,,,,87,,,,,6,93,87,2023-06-21,O,1,1,
STEVEN WILSON,SD,RP,R,,23,POM PI,79,85,79,83,72,79,81,247,C,3,95,,82,85,,,,,,,,,,13,95,82,2023-06-21,O,2,,2
TANNER SCOTT,MIA,RP,L,,23,POM PI,80,83,88,80,71,81,82,251,C,2,97,,89,,,,,,,,,,,8,97,89,2023-06-21,,2,2,
TAYLOR CLARKE,KC,RP,R,,23,POM PI,80,85,80,81,75,81,83,246,C,3,96,,88,89,,,,,,,,,,8,96,88,2023-06-21,O,2,2,
TOMMY HUNTER,NYM,RP,R,,23,POM PI,79,73,76,78,83,86,78,227,D,4,93,84,,,,93,91,,,,,,,9,93,84,2023-06-21,,2,,2
YENNIER CANO,BAL,RP,R,,23,POM PI,81,85,77,85,79,83,82,247,C,4,96,,87,90,,95,,,,,,,,9,96,87,2023-06-21,,2,2,
ZACK WHEELER,PHI,SP,R,,23,POM PI,79,76,80,79,78,82,79,235,C,5,96,81,90,89,,95,,,,,,,,15,96,81,2023-06-21,,4,2,2
BERT BLYLEVEN,MIN,SP,R,,,LEGEND,90,99,90,93,85,89,89,282,B,4,93,,85,82,90,,,,,,,78,,15,93,78,2023-06-14,O,1,1,
ANTHONY BANDA,WSH,RP,L,,23,SIGNING STAR,80,84,82,80,79,77,78,246,C,5,95,,86,88,,95,90,,,,,,,9,95,86,2023-06-07,O,1,1,
BRAD HAND,COL,RP,L,,23,SIGNING STAR,84,85,94,84,77,81,83,263,C,3,92,,81,,,92,,,,,,,,11,92,81,2023-06-07,,5,2,3
CHASEN SHREVE,DET,RP,L,,23,SIGNING STAR,83,85,80,86,82,82,83,251,C,3,90,,83,,,,,,82,,,,,8,90,82,2023-06-07,O,1,1,
COLTEN BREWER,NYY,RP,R,,23,SIGNING STAR,82,88,76,92,78,80,78,256,C,5,91,80,85,,,92,93,,,,,,,13,93,80,2023-06-07,O,1,1,
DANNY COULOMBE,BAL,RP,L,,23,SIGNING STAR,85,85,91,89,79,82,83,265,B,5,91,,85,76,,91,,80,,,,,,15,91,76,2023-06-07,O,1,1,
ERIK SWANSON,TOR,RP,R,,23,SIGNING STAR,85,87,92,91,78,83,84,270,B,3,93,,86,,,,,,84,,,,,9,93,84,2023-06-07,,3,2,1
JAMESON TAILLON,CHC,SP,R,,23,SIGNING STAR,82,79,86,84,82,80,81,249,C,5,93,80,81,,,94,90,,,,,,,14,94,80,2023-06-07,O,3,1,2
JEURYS FAMILIA,OAK,RP,R,,23,SIGNING STAR,81,85,83,83,78,78,79,251,C,4,94,,86,,,94,,,88,,,,,8,94,86,2023-06-07,O,2,1,1
JOE JIMENEZ,ATL,RP,R,,23,SIGNING STAR,85,85,94,87,80,81,83,266,B,3,94,,82,89,,,,,,,,,,12,94,82,2023-06-07,O,2,1,1
JOSH TAYLOR,KC,RP,L,,23,SIGNING STAR,83,83,95,86,79,77,78,264,B,4,92,78,85,,,93,,,,,,,,15,93,78,2023-06-07,O,1,1,
JUSTIN VERLANDER,NYM,SP,R,,23,SIGNING STAR,84,87,85,91,88,78,75,263,C,4,94,79,87,85,,,,,,,,,,15,94,79,2023-06-07,,8,6,2
LUKE WEAVER,CIN,SP,R,,23,SIGNING STAR,82,80,88,85,79,81,79,253,C,5,93,82,,85,92,86,,,,,,,,11,93,82,2023-06-07,O,1,1,
MICHAEL WACHA,SD,SP,R,,23,SIGNING STAR,83,86,78,88,84,82,80,252,C,5,92,74,,82,,91,87,,,,,,,18,92,74,2023-06-07,,4,3,1
NATHAN EOVALDI,TEX,SP,R,,23,SIGNING STAR,85,90,83,90,89,82,78,263,C,5,96,77,84,,,,91,,88,,,,,19,96,77,2023-06-07,,5,4,1
TAIJUAN WALKER,PHI,SP,R,,23,SIGNING STAR,82,82,80,82,82,83,83,244,C,5,93,,82,,,92,87,,88,,,,,11,93,82,2023-06-07,O,2,2,
TAYLOR ROGERS,SF,RP,L,,23,SIGNING STAR,84,86,88,89,77,82,83,263,C,4,,79,79,,,93,88,,,,,,,14,93,79,2023-06-07,,3,2,1
TREVOR GOTT,SEA,RP,R,側投,23,SIGNING STAR,85,89,87,87,81,83,84,263,C,5,93,80,,85,,93,88,,,,,,,13,93,80,2023-06-07,O,2,2,
TREVOR KELLEY,TB,RP,R,低肩,23,SIGNING STAR,82,88,79,90,79,79,78,257,C,3,,,76,79,,89,,,,,,,,13,89,76,2023-06-07,O,1,1,
WADE MILEY,MIL,SP,L,,23,SIGNING STAR,82,89,76,89,81,79,78,254,C,5,89,74,78,82,,,86,,,,,,,15,89,74,2023-06-07,O,2,1,1
LEE SMITH,CHC,CP,R,,,LEGEND,90,99,90,93,85,89,89,282,B,3,95,,,,,91,91,,,,,,,4,95,91,2023-05-31,O,1,1,
FELIX BAUTISTA,BAL,CP,R,,23,POM RP/CP,83,85,89,78,75,87,89,252,C,4,99,,85,,,,90,,88,,,,,14,99,85,2023-05-24,,4,4,
JOSH HADER,SD,CP,L,,23,POM RP/CP,83,85,80,86,79,86,87,251,C,4,96,,83,89,,97,,,,,,,,14,97,83,2023-05-24,,6,4,2
GERRIT COLE,NYY,SP,R,,23,POM PIT,84,87,82,87,80,88,85,256,C,5,97,,89,89,,,92,83,,,,,,14,97,83,2023-05-24,,9,7,2
CLAYTON KERSHAW,LAD,SP,L,,23,POM PIT,84,86,82,88,82,87,84,256,C,5,90,73,86,83,,91,,,,,,,,18,91,73,2023-05-24,,4,2,2
JOSH WINCKOWSKI,BOS,RP,R,,23,POM PI,81,85,70,85,82,90,79,240,C,5,93,,84,90,,94,88,,,,,,,10,94,84,2023-05-24,O,1,1,
GREGORY SANTOS,CWS,RP,R,,23,POM PI,80,84,80,71,74,88,88,235,C,2,98,,87,,,,,,,,,,,11,98,87,2023-05-24,O,1,1,
XZAVION CURRY,CLE,CP,R,,23,POM PI,79,81,70,84,78,88,78,235,C,4,92,73,85,87,,,,,,,,,,19,92,73,2023-05-24,O,1,,1
JASON FOLEY,DET,RP,R,,23,POM PI,80,84,70,84,76,83,88,238,C,4,96,,85,89,,96,,,,,,,,11,96,85,2023-05-24,O,2,2,
PHIL MATON,HOU,RP,R,,23,POM PI,81,85,81,87,76,82,80,253,C,5,90,74,80,,,90,82,,,,,,,16,90,74,2023-05-24,O,1,1,
AROLDIS CHAPMAN,KC,RP,L,,23,POM PI,80,81,85,81,78,78,82,247,C,4,97,,85,,,100,,,88,,,,,15,100,85,2023-05-24,,6,3,3
ANDREW WANTZ,LAA,RP,R,,23,POM PI,79,86,77,86,71,81,78,249,C,4,93,,81,87,,,87,,,,,,,12,93,81,2023-05-24,O,1,,1
JHDAN DURAN,MIN,CP,R,,23,POM PI,78,78,79,78,72,80,86,235,C,4,100,87,89,,,,,,96,,,,,13,100,87,2023-05-24,O,1,,1
SAM MOLL,OAK,RP,L,,23,POM PI,78,77,74,85,68,78,91,236,C,2,,,81,,,93,,,,,,,,12,93,81,2023-05-24,O,1,,1
GABE SPEIER,SEA,RP,L,,23,POM PI,80,86,70,84,81,79,85,240,C,4,93,,82,87,,94,,,,,,,,12,94,82,2023-05-24,O,1,1,
PETER FAIRBANKS,TB,CP,R,,23,POM PI,78,87,68,82,72,79,80,237,C,3,98,,85,,,95,,,,,,,,13,98,85,2023-05-24,O,1,,1
YUSEI KIKUCHI,TOR,SP,L,,23,POM PI,80,81,79,80,80,80,80,240,C,4,95,,86,87,,,91,,,,,,,9,95,86,2023-05-24,O,1,1,
MIGUEL CASTRO,AZ,RP,R,,23,POM PI,79,82,70,83,76,81,87,235,C,3,,,85,92,,98,,,,,,,,13,98,85,2023-05-24,,2,,2
DYLAN LEE,ATL,RP,L,,23,POM PI,81,82,80,83,79,81,86,245,C,3,92,,83,86,,,,,,,,,,9,92,83,2023-05-24,O,1,1,
ADBERT ALZOLAY,CHC,RP,R,,23,POM PI,81,79,82,83,82,85,80,244,C,5,95,,85,86,,94,90,,,,,,,10,95,85,2023-05-24,,2,1,1
ALEX YOUNG,CIN,RP,L,,23,POM PI,81,84,85,82,82,79,79,251,C,5,91,82,,86,,91,84,,,,,,,9,91,82,2023-05-24,O,1,1,
BRENT SUTER,COL,RP,L,,23,POM PI,81,87,70,85,75,91,83,242,C,5,86,79,83,77,,87,,,,,,,,10,87,77,2023-05-24,O,1,1,
A.J. PUK,MIA,CP,L,,23,POM PI,79,84,71,83,73,84,84,238,C,4,97,,87,89,,96,,,,,,,,10,97,87,2023-05-24,O,1,,1
PETER STRZELECKI,MIL,RP,R,,23,POM PI,81,86,70,85,76,85,89,241,C,3,93,,82,83,,,,,,,,,,11,93,82,2023-05-24,O,1,1,
KODAI SENGA,NYM,SP,R,,23,POM PI,80,79,91,70,75,83,83,240,C,3,96,,82,,,,90,,,,84,,,14,96,82,2023-05-24,,2,2,
LUIS ORTIZ,PHI,CP,R,,23,POM PI,78,83,72,82,80,78,78,237,C,5,95,79,86,85,,94,,,,,,,,16,95,79,2023-05-24,O,1,,1
VINCE VELASQUEZ,PIT,SP,R,,23,POM PI,78,80,76,76,73,82,86,232,C,5,93,,84,88,,92,,81,,,,,,12,93,81,2023-05-24,,2,1,1
JOHN BREBBIA,SF,RP,R,,23,POM PI,80,68,87,78,80,82,90,233,C,3,94,,83,,,91,,,,,,,,11,94,83,2023-05-24,,3,2,1
DREW VERHAGEN,STL,RP,R,,23,POM PI,79,73,84,78,74,82,88,235,C,5,95,78,81,89,,94,,,,,,,,17,95,78,2023-05-24,O,1,,1
MASON THOMPSON,WSH,RP,R,,23,POM PI,81,83,71,86,81,89,81,240,C,4,96,,84,88,,95,,,,,,,,12,96,84,2023-05-24,O,1,1,
AROLDIS CHAPMAN,NYY,CP,L,,19,POY SAVE,85,88,91,88,80,81,82,267,B,4,98,,85,88,,100,,,,,,,,15,100,85,2023-05-10,O,6,3,3
JOSH HADER,MIL,CP,L,,19,POY SAVE,85,88,92,89,83,82,81,269,B,4,96,,82,87,94,,,,,,,,,14,96,82,2023-05-10,,6,4,2
JOHN MEANS,BAL,SP,L,,19,POY ROY,83,85,80,85,82,83,83,250,C,4,92,77,83,80,,,,,,,,,,15,92,77,2023-05-10,O,2,1,1
MIKE SOROKA,ATL,SP,R,,19,POY ROY,83,86,81,86,81,83,81,253,C,4,93,,83,81,92,,,,,,,,,12,93,81,2023-05-10,O,1,1,
SHANE BIEBER,CLE,SP,R,,19,POY PIT,85,87,92,87,86,82,81,266,B,4,93,,85,87,,,,82,,,,,,11,93,82,2023-05-10,O,2,2,
JUSTIN VERLANDER,HOU,SP,R,,19,POY PIT,86,90,95,91,82,82,81,276,B,4,94,79,87,87,,,,,,,,,,15,94,79,2023-05-10,O,8,6,2
GERRIT COLE,HOU,SP,R,,19,POY PIT,84,84,90,85,83,84,83,259,C,5,97,,89,89,97,,,82,,,,,,15,97,82,2023-05-10,,9,7,2
CHARLIE MORTON,TB,SP,R,,19,POY PIT,84,85,90,85,79,84,83,260,C,5,94,78,,,93,,85,,85,,,,,16,94,78,2023-05-10,O,2,2,
LANCE LYNN,TEX,SP,R,,19,POY PIT,83,84,89,83,77,84,83,256,C,5,94,81,,87,92,,89,,,,,,,13,94,81,2023-05-10,,6,2,4
HYUN JIN RYU,LAD,SP,L,,19,POY PIT,85,90,86,89,85,84,81,265,B,5,90,72,,80,90,,87,,,,,,,18,90,72,2023-05-10,O,3,1,2
JACOB deGrom,NYM,SP,R,斜肩,19,POY PIT,86,87,92,87,85,85,84,266,B,5,97,84,92,90,97,,,,,,,,,13,97,84,2023-05-10,,5,3,2
JACK FLAHERTY,STL,SP,R,,19,POY PIT,83,84,89,84,79,84,83,257,C,5,94,,84,86,92,,,78,,,,,,16,94,78,2023-05-10,O,2,1,1
STEPHEN STRASBURG,WSH,SP,R,,19,POY PIT,84,85,90,85,80,84,83,260,C,5,93,81,87,87,93,,,,,,,,,12,93,81,2023-05-10,O,2,1,1
MAX SCHERZER,WSH,SP,R,側投,19,POY PIT,83,84,90,84,80,84,80,258,C,5,95,78,86,84,,,90,,,,,,,17,95,78,2023-05-10,,9,5,4
GERRIT COLE,HOU,SP,R,,19,POY MVP,85,85,91,85,85,85,84,261,C,5,97,,89,89,97,,,82,,,,,,15,97,82,2023-05-10,,9,7,2
JACOB deGrom,NYM,SP,R,斜肩,19,POY MVP,85,86,91,86,84,85,83,263,C,5,97,84,92,90,97,,,,,,,,,13,97,84,2023-05-10,,5,3,2
BYUNG-HYUN KIM,AZ,CP,R,低肩,,LEGEND,90,98,93,93,86,86,89,284,B,4,89,75,79,77,,,,,,,,,,14,89,75,2023-05-03,O,1,1,
NOLAN RYAN,TEX,SP,R,,,LEGEND,90,98,98,90,83,88,88,286,B,5,100,88,,85,97,95,,,,,,,,15,100,85,2023-04-26,O,1,1,
CHAN HO PARK,LAD,SP,R,,,LEGEND,90,98,97,92,86,84,83,275,B,5,92,77,85,84,,92,,,,,,,,15,92,77,2023-04-26,O,1,1,
KYLE GIBSON,BAL,SP,R,,23,SIGNING STAR,82,85,80,82,83,84,78,247,C,5,92,,81,84,,91,89,,,,,,,11,92,81,2023-04-19,O,3,2,1
KENLEY JANSEN,BOS,CP,R,,23,SIGNING STAR,85,85,90,90,77,84,84,265,B,3,,,84,,,96,95,,,,,,,12,96,84,2023-04-19,,5,4,1
MIKE CLEVINGER,CWS,SP,R,,23,SIGNING STAR,82,80,82,85,84,81,80,247,C,5,94,77,79,87,,92,,,,,,,,17,94,77,2023-04-19,O,2,1,1
MATT BOYD,DET,SP,L,,23,SIGNING STAR,82,83,84,87,81,81,76,254,C,5,91,73,79,80,,89,,,,,,,,18,91,73,2023-04-19,O,1,1,
JORDAN LYLES,KC,SP,R,,23,SIGNING STAR,81,81,82,83,79,83,78,246,C,5,90,78,79,85,,90,,,,,,,,12,90,78,2023-04-19,O,2,1,1
TYLER ANDERSON,LAA,SP,L,,23,SIGNING STAR,83,80,80,85,89,85,79,245,C,5,89,77,,77,,87,84,,,,,,,12,89,77,2023-04-19,O,3,1,2
PABLO LOPEZ,MIN,SP,R,,23,SIGNING STAR,84,89,87,89,81,82,76,265,B,5,95,81,83,89,,94,,,,,,,,14,95,81,2023-04-19,O,3,3,
IAN HAMILTON,NYY,RP,R,,23,SIGNING STAR,82,90,87,84,81,75,75,261,C,3,95,,87,,,95,,,,,,,,8,95,87,2023-04-19,O,1,1,
ZACH EFLIN,TB,SP,R,,23,SIGNING STAR,83,87,81,89,86,79,76,257,C,5,,79,84,84,,92,89,,,,,,,13,92,79,2023-04-19,O,3,2,1
JACOB deGrom,TEX,SP,R,斜肩,23,SIGNING STAR,85,92,92,92,90,77,72,276,B,4,98,84,92,91,,,,,,,,,,14,98,84,2023-04-19,O,5,3,2
CHRIS BASSITT,TOR,SP,R,,23,SIGNING STAR,83,86,81,88,81,83,79,255,C,5,,70,76,83,,91,87,,,,,,,21,91,70,2023-04-19,,4,2,2
ANDREW CHAFIN,AZ,CP,L,,23,SIGNING STAR,84,90,83,88,80,81,82,261,C,4,91,,83,85,,91,,,,,,,,8,91,83,2023-04-19,,4,3,1
NOAH SYNDERGAARD,LAD,SP,R,,23,SIGNING STAR,82,81,80,82,89,82,78,243,C,4,93,77,,87,,92,,,,,,,,16,93,77,2023-04-19,O,4,2,2
JOHNNY CUETO,MIA,SP,R,斜肩,23,SIGNING STAR,82,80,80,81,85,85,81,241,C,5,90,,83,83,,91,85,,,,,,,8,91,83,2023-04-19,,5,4,1
RICH HILL,PIT,SP,L,側投,23,SIGNING STAR,81,84,83,85,76,79,79,252,C,5,86,70,67,82,,,81,,,,,,,19,86,67,2023-04-19,,2,2,
TREVOR WILLIAMS,WSH,SP,R,,23,SIGNING STAR,81,80,81,82,80,78,85,243,C,5,90,77,82,83,,87,,,,,,,,13,90,77,2023-04-19,,2,2,
TOM SEAVER,NYM,SP,R,,,LEGEND,90,98,94,96,85,86,86,288,B,4,96,,87,83,,92,,,,,,75,,21,96,75,2023-04-12,O,1,1,
WADE MILEY,BOS,SP,L,,15,STAR,79,85,77,84,76,76,76,246,C,5,90,77,84,83,90,,,,,,,,,13,90,77,2023-03-15,,2,1,1
EDUARDO RODRIGUEZ,BOS,SP,L,,15,STAR,79,83,78,82,76,78,77,243,C,4,93,,85,87,92,,,,,,,,,8,93,85,2023-03-15,O,1,,1
JOSE QUINTANA,CWS,SP,L,,15,STAR,82,86,80,84,81,80,81,250,C,4,91,79,,85,91,,,,,,,,,12,91,79,2023-03-15,O,4,1,3
CHRIS SALE,CWS,SP,L,側投,15,STAR,79,85,84,87,75,72,71,256,C,5,93,,79,86,94,,,,,81,,,,15,94,79,2023-03-15,,4,1,3
JOHNNY CUETO,KC,SP,R,斜肩,15,STAR,82,86,76,85,84,82,79,247,C,5,92,,83,83,92,,88,,,,,,,9,92,83,2023-03-15,,5,4,1
GREG HOLLAND,KC,CP,R,,15,STAR,79,78,89,83,80,72,72,250,C,4,93,77,85,,,,,,87,,,,,16,93,77,2023-03-15,O,3,,3
JOE SMITH,LAA,RP,R,低肩,15,STAR,79,84,79,83,74,75,79,246,C,4,89,,79,79,,88,,,,,,,,10,89,79,2023-03-15,O,2,,2
ANDREW HEANEY,LAA,SP,L,,15,STAR,79,84,88,84,71,73,74,256,C,3,84,,79,91,,,,,,,,,,12,91,79,2023-03-15,O,2,,2
KYLE GIBSON,MIN,SP,R,,15,STAR,81,79,80,81,82,82,82,240,C,5,92,80,85,83,91,,,,,,,,,12,92,80,2023-03-15,,3,2,1
JUSTIN WILSON,NYY,RP,L,,15,STAR,79,81,86,83,79,72,73,250,C,5,95,82,95,,95,,90,,,,,,,13,95,82,2023-03-15,,3,1,2
JESSE CHAVEZ,OAK,SP,R,,15,STAR,80,83,86,81,74,74,82,250,C,5,91,,82,83,91,,89,,,,,,,9,91,82,2023-03-15,,3,2,1
TAIJUAN WALKER,SEA,SP,R,,15,STAR,81,83,78,83,79,82,81,244,C,5,93,74,,,95,,89,,88,,,,,21,95,74,2023-03-15,O,2,2,
ALEX COLOME,TB,RP,R,,15,STAR,80,83,81,83,77,77,79,247,C,5,93,78,,85,95,,86,,,,,,,17,95,78,2023-03-15,,3,2,1
JAKE ODORIZZI,TB,SP,R,,15,STAR,79,83,80,83,76,78,79,246,C,5,91,,82,,91,,86,,85,,,,,9,91,82,2023-03-15,,2,1,1
JAKE DIEKMAN,TEX,RP,L,側投,15,STAR,81,81,88,80,77,79,81,249,C,4,,,84,88,96,96,,,,,,,,12,96,84,2023-03-15,,4,2,2
AARON LOUP,TOR,RP,L,側投,15,STAR,80,82,80,82,76,79,81,244,C,3,,,80,82,,93,,,,,,,,13,93,80,2023-03-15,,3,2,1
AARON SANCHEZ,TOR,RP,R,,15,STAR,79,81,80,83,79,79,72,244,C,5,94,79,,89,95,,92,,,,,,,16,95,79,2023-03-15,O,1,,1
ANDREW CHAFIN,AZ,RP,L,,15,STAR,81,82,84,81,79,79,81,247,C,4,92,,82,83,,92,,,,,,,,10,92,82,2023-03-15,,4,3,1
CHASE ANDERSON,AZ,SP,R,,15,STAR,79,79,86,84,78,73,74,249,C,5,91,77,,81,91,,88,,,,,,,14,91,77,2023-03-15,O,2,,2
TOMMY HUNTER,CHC,RP,R,,15,STAR,79,85,84,84,76,73,72,253,C,5,96,84,82,,96,,92,,,,,,,14,96,82,2023-03-15,O,2,,2
JUSTIN GRIMM,CHC,RP,R,,15,STAR,79,86,82,84,70,73,79,252,C,4,95,83,83,,93,,,,,,,,,12,95,83,2023-03-15,O,2,,2
ANTHONY DESCLAFANI,CIN,SP,R,,15,STAR,79,81,86,77,77,77,76,244,C,5,92,,87,85,92,,,79,,,,,,13,92,79,2023-03-15,,3,1,2
AROLDIS CHAPMAN,CIN,CP,L,,15,STAR,79,83,89,83,78,69,72,255,C,4,99,,86,87,90,,,,,,,,,13,99,86,2023-03-15,,6,3,3
ADAM OTTAVINO,COL,RP,R,,15,STAR,81,83,84,83,75,80,81,250,C,4,96,,83,,95,,90,,,,,,,13,96,83,2023-03-15,O,4,2,2
YIMI GARCIA,LAD,RP,R,,15,STAR,81,83,82,84,77,80,80,249,C,5,93,,82,85,93,,89,,,,,,,11,93,82,2023-03-15,O,4,1,3
NOAH SYNDERGAARD,NYM,SP,R,,15,STAR,80,83,76,83,77,81,80,242,C,5,97,80,87,88,,96,,,,,,,,17,97,80,2023-03-15,,4,2,2
LUIS GARCIA,PHI,RP,R,,15,STAR,80,81,83,81,74,80,81,245,C,3,96,,84,,96,,,,,,,,,12,96,84,2023-03-15,O,3,1,2
KEN GILES,PHI,RP,R,,15,STAR,79,86,88,84,77,69,70,258,C,3,96,,85,,93,,,,,,,,,11,96,85,2023-03-15,O,3,,3
MADISON BUMGARNER,SF,SP,L,,15,STAR,81,82,77,81,82,82,82,240,C,5,92,76,86,85,92,,,,,,,,,16,92,76,2023-03-15,O,3,1,2
HUNTER STRICKLAND,SF,RP,R,,15,STAR,80,80,82,80,77,80,81,242,C,5,97,85,89,87,96,,,,,,,,,12,97,85,2023-03-15,O,1,1,
MICHAEL WACHA,STL,SP,R,,15,STAR,82,88,82,89,80,77,76,259,C,3,93,,,86,,,89,,,,,,,7,93,86,2023-03-15,O,4,3,1
BLAKE TREINEN,WSH,RP,R,,15,STAR,79,83,84,85,73,74,75,252,C,4,96,,87,87,,96,,,,,,,,9,96,87,2023-03-15,,3,1,2
EMMANUEL CLASE,CLE,CP,R,,22,ALL MLB,86,91,88,92,83,82,84,271,B,3,100,,92,,,,99,,,,,,,8,100,92,2023-02-28,O,5,5,
FRAMBER VALDEZ,HOU,SP,L,,22,ALL MLB,87,93,90,92,83,83,81,275,B,5,93,79,,89,,94,83,,,,,,,15,94,79,2023-02-28,O,6,5,1
RYAN PRESSLY,HOU,CP,R,,22,ALL MLB,85,86,91,89,80,81,83,266,B,4,94,80,89,89,,,,,,,,,,14,94,80,2023-02-28,O,5,3,2
SHOHEI OHTANI,LAA,SP,R,,22,ALL MLB,86,91,95,92,80,82,81,278,B,5,97,77,85,,,,91,,89,,,,,20,97,77,2023-02-28,O,5,4,1
MAX FRIED,ATL,SP,L,,22,ALL MLB,85,90,85,91,83,84,82,266,B,5,93,74,87,86,,94,,,,,,,,20,94,74,2023-02-28,,6,4,2
JULIO URIAS,LAD,SP,L,,22,ALL MLB,85,91,86,92,84,81,81,269,B,4,93,80,,86,,94,,,,,,,,14,94,80,2023-02-28,O,4,4,
MAX SCHERZER,NYM,SP,R,側投,22,ALL MLB,85,91,93,92,81,81,77,276,B,5,94,75,85,84,,,89,,,,,,,19,94,75,2023-02-28,,9,5,4
DYLAN CEASE,CWS,SP,R,,22,ALL MLB,85,96,97,94,77,76,75,287,B,5,97,,87,77,,96,,81,,,,,,20,97,77,2023-02-22,O,3,3,
JUSTIN VERLANDER,HOU,SP,R,,22,ALL MLB,87,91,90,93,84,83,81,274,B,4,95,79,87,86,,,,,,,,,,16,95,79,2023-02-22,,8,6,2
ALEK MANOAH,TOR,SP,R,,22,ALL MLB,86,91,85,92,82,84,82,268,B,4,93,,81,86,,93,,,,,,,,12,93,81,2023-02-22,O,5,4,1
SANDY ALCANTARA,MIA,SP,R,,22,ALL MLB,87,93,87,94,89,83,81,274,B,5,98,86,90,92,,97,,,,,,,,12,98,86,2023-02-22,,5,5,
EDWIN DIAZ,NYM,CP,R,,22,ALL MLB,86,91,97,91,81,80,81,279,B,3,98,,90,,,95,,,,,,,,8,98,90,2023-02-22,,5,4,1
AARON NOLA,PHI,SP,R,,22,ALL MLB,85,93,97,97,78,76,74,287,B,5,92,,,85,,92,87,78,,,,,,14,92,78,2023-02-22,O,5,4,1
RYAN HELSLEY,STL,CP,R,,22,ALL MLB,85,88,91,88,81,82,80,267,B,4,99,80,89,89,,,,,,,,,,19,99,80,2023-02-22,O,3,1,2
JUSTIN VERLANDER,HOU,SP,R,,22,POY MVP,85,91,89,93,81,82,79,273,B,4,95,79,87,86,,,,,,,,,,16,95,79,2023-02-08,,8,6,2
SHOHEI OHTANI,LAA,SP,R,,22,POY MVP,85,90,94,91,80,81,79,275,B,5,97,77,85,,,,91,,89,,,,,20,97,77,2023-02-08,,5,4,1
SANDY ALCANTARA,MIA,SP,R,,22,POY MVP,86,95,88,96,84,80,78,279,B,5,98,86,90,92,,97,,,,,,,,12,98,86,2023-02-08,,5,5,
EMMANUEL CLASE,CLE,CP,R,,22,POY SAVE,85,91,88,91,83,80,82,270,B,3,100,,92,,,,99,,,,,,,8,100,92,2023-02-01,,5,5,
KENLEY JANSEN,ATL,CP,R,,22,POY SAVE,85,85,92,88,85,82,83,265,B,3,,,81,,,94,92,,,,,,,13,94,81,2023-02-01,,5,4,1
SPENCER STRIDER,ATL,SP,R,,22,POY ROY,83,87,91,88,79,77,81,266,B,3,98,,86,89,,,,,,,,,,12,98,86,2023-02-01,,3,2,1
DYLAN CEASE,CWS,SP,R,,22,POY PIT,85,90,93,89,81,80,79,272,B,5,97,,87,77,,96,,81,,,,,,20,97,77,2023-02-01,,3,3,
JUSTIN VERLANDER,HOU,SP,R,,22,POY PIT,86,92,90,93,86,80,78,275,B,4,95,79,87,86,,,,,,,,,,16,95,79,2023-02-01,,8,6,2
FRAMBER VALDEZ,HOU,SP,L,,22,POY PIT,85,91,88,89,80,82,80,268,B,5,93,79,,89,,94,83,,,,,,,15,94,79,2023-02-01,,6,5,1
ALEK MANOAH,TOR,SP,R,,22,POY PIT,84,89,83,90,81,83,81,262,C,4,93,,81,86,,93,,,,,,,,12,93,81,2023-02-01,,5,4,1
ZAC GALLEN,AZ,SP,R,,22,POY PIT,85,89,88,91,78,83,81,268,B,5,93,,87,86,,,90,81,,,,,,12,93,81,2023-02-01,,3,2,1
MAX FRIED,ATL,SP,L,,22,POY PIT,84,89,83,90,82,83,81,262,C,5,93,74,87,86,,94,,,,,,,,20,94,74,2023-02-01,,6,4,2
JULIO URIAS,LAD,SP,L,,22,POY PIT,84,89,84,90,83,82,81,263,C,4,93,80,,86,,94,,,,,,,,14,94,80,2023-02-01,,4,4,
SANDY ALCANTARA,MIA,SP,R,,22,POY PIT,86,96,90,97,84,78,76,283,B,5,98,86,90,92,,97,,,,,,,,12,98,86,2023-02-01,O,5,5,
AARON NOLA,PHI,SP,R,,22,POY PIT,85,87,92,91,85,81,79,270,B,5,92,,,85,,92,87,78,,,,,,14,92,78,2023-02-01,,5,4,1
DEAN KREMER,BAL,SP,R,,22,STAR,77,86,76,83,80,71,68,245,C,5,93,76,,83,,92,88,,,,,,,17,93,76,2022-12-28,O,1,,1
NATHAN EOVALDI,BOS,SP,R,,22,STAR,75,78,81,80,77,67,67,239,C,5,96,78,,86,,,91,,87,,,,,18,96,78,2022-12-28,,5,4,1
DYLAN CEASE,CWS,SP,R,,22,STAR,80,88,92,86,76,71,71,266,B,5,97,,87,77,,96,,81,,,,,,20,97,77,2022-12-28,,3,3,
LUCAS GIOLITO,CWS,SP,R,,22,STAR,77,74,84,74,79,76,75,232,C,4,92,79,84,80,,,,,,,,,,13,92,79,2022-12-28,,3,1,2
MICHAEL KOPECH,CWS,SP,R,,22,STAR,75,78,76,79,75,73,74,233,C,4,95,78,84,85,,,,,,,,,,17,95,78,2022-12-28,O,1,,1
SONNY GRAY,MIN,SP,R,,22,STAR,77,83,83,84,76,70,70,250,C,5,92,79,81,,,92,83,,,,,,,13,92,79,2022-12-28,,4,2,2
JON GRAY,TEX,SP,R,,22,STAR,77,78,84,83,76,71,70,245,C,4,96,77,85,89,,,,,,,,,,19,96,77,2022-12-28,O,2,,2
BRETT MARTIN,TEX,RP,L,,22,STAR,76,76,74,75,70,79,82,225,D,4,93,82,87,,,93,,,,,,,,11,93,82,2022-12-28,O,1,,1
ALEK MANOAH,TOR,SP,R,,22,STAR,79,82,78,84,73,81,76,244,C,4,93,,81,86,,93,,,,,,,,12,93,81,2022-12-28,,5,4,1
JUSTIN STEELE,CHC,SP,L,,22,STAR,76,83,85,77,75,70,70,245,C,5,92,78,82,87,,91,,,,,,,,14,92,78,2022-12-28,,2,1,1
LUCAS GILBREATH,COL,RP,L,,22,STAR,76,74,80,74,77,75,76,228,C,4,93,,82,,,,91,,85,,,,,11,93,82,2022-12-28,O,1,,1
DREW SMITH,NYM,RP,R,,22,STAR,75,74,77,74,71,77,77,225,D,5,96,77,85,85,,95,,,,,,,,19,96,77,2022-12-28,,2,,2
CARLOS RODON,SF,SP,L,,22,STAR,79,81,89,82,72,74,76,252,C,4,96,80,85,84,,,,,,,,,,16,96,80,2022-12-28,,2,1,1
ALEX COBB,SF,SP,R,,22,STAR,78,79,83,78,81,74,73,240,C,4,96,,,,,95,,84,89,,,,,12,96,84,2022-12-28,,4,3,1
JORDAN LYLES,BAL,SP,R,,22,STAR,76,74,74,74,79,78,77,222,D,5,92,79,80,86,,91,,,,,,,,13,92,79,2022-12-21,,2,1,1
LANCE LYNN,CWS,SP,R,,22,STAR,76,77,82,82,75,72,68,241,C,5,93,82,86,,,91,89,,,,,,,11,93,82,2022-12-21,,6,2,4
JOE KELLY,CWS,RP,R,,22,STAR,75,74,83,74,70,73,76,231,C,4,97,,,87,,98,,88,,,,,,11,98,87,2022-12-21,O,1,,1
TARIK SKUBAL,DET,SP,L,,22,STAR,77,82,84,85,80,69,67,251,C,5,93,,89,83,,95,,77,,,,,,18,95,77,2022-12-21,O,1,,1
JIMMY HERGET,LAA,CP,R,低肩X,22,STAR,76,76,77,81,79,75,69,234,C,5,92,74,83,84,,90,,,,,,,,18,92,74,2022-12-21,,2,1,1
JOE RYAN,MIN,SP,R,,22,STAR,78,80,83,84,79,72,71,247,C,4,92,75,82,84,,,,,,,,,,17,92,75,2022-12-21,O,1,,1
ZAC GALLEN,AZ,SP,R,,22,STAR,79,82,83,86,76,74,73,251,C,5,93,,87,86,,,90,81,,,,,,12,93,81,2022-12-21,,3,2,1
MADISON BUMGARNER,AZ,SP,L,,22,STAR,75,74,74,74,75,77,77,222,D,5,91,78,83,85,,,87,,,,,,,13,91,78,2022-12-21,,3,1,2
KEEGAN THOMPSON,CHC,SP,R,,22,STAR,75,75,76,74,71,75,79,225,D,5,93,81,,86,,92,90,,,,,,,12,93,81,2022-12-21,O,1,,1
HUNTER GREENE,CIN,SP,R,,22,STAR,78,78,89,83,76,71,71,250,C,3,98,,88,90,,,,,,,,,,10,98,88,2022-12-21,O,1,,1
ERIC LAUER,MIL,SP,L,,22,STAR,76,76,79,77,76,75,73,232,C,5,93,78,87,87,,,90,,,,,,,15,93,78,2022-12-21,O,1,,1
AARON NOLA,PHI,SP,R,,22,STAR,80,84,88,88,80,75,70,260,C,5,92,,,85,,92,87,78,,,,,,14,92,78,2022-12-21,,5,4,1
KYLE FINNEGAN,WSH,RP,R,,22,STAR,79,83,85,84,69,75,78,252,C,3,,,89,,,96,,,88,,,,,8,96,88,2022-12-21,O,1,,1
MICHAEL WACHA,BOS,SP,R,,22,STAR,78,83,78,85,80,72,70,246,C,5,93,74,,84,,92,89,,,,,,,19,93,74,2022-12-14,,4,3,1
NICK PIVETTA,BOS,SP,R,,22,STAR,77,75,81,75,76,78,77,231,C,4,93,,85,87,,,,77,,,,,,16,93,77,2022-12-14,,3,1,2
MATT STRAHM,BOS,RP,L,,22,STAR,75,74,80,76,70,76,79,230,C,5,94,82,89,88,,94,,,,,,,,12,94,82,2022-12-14,,3,2,1
REID DETMERS,LAA,SP,L,,22,STAR,78,83,85,85,81,70,69,253,C,5,93,73,85,84,,93,,,,,,,,20,93,73,2022-12-14,,2,1,1
JOEL PAYAMPS,OAK,RP,R,,22,STAR,75,74,74,74,70,80,78,222,D,4,95,,82,89,,94,,,,,,,,13,95,82,2022-12-14,,2,1,1
KYLE NELSON,AZ,RP,L,,22,STAR,75,79,75,79,71,73,76,233,C,3,92,77,84,,,,,,,,,,,15,92,77,2022-12-14,,2,1,1
MAX FRIED,ATL,SP,L,,22,STAR,79,82,78,83,74,80,77,243,C,5,93,74,87,86,,94,,,,,,,,20,94,74,2022-12-14,,6,4,2
MARCUS STROMAN,CHC,SP,R,,22,STAR,77,81,78,84,81,73,70,243,C,5,92,,84,,,92,89,,87,,,,,8,92,84,2022-12-14,,4,2,2
DREW SMYLY,CHC,SP,L,,22,STAR,75,79,75,79,76,70,72,233,C,4,,,,82,,92,89,79,,,,,,13,92,79,2022-12-14,O,2,,2
KYLE FREELAND,COL,SP,L,,22,STAR,76,77,75,76,80,76,75,228,C,5,90,80,85,84,,89,,,,,,,,10,90,80,2022-12-14,O,1,,1
SANDY ALCANTARA,MIA,SP,R,,22,STAR,82,87,82,89,82,82,75,258,C,5,98,86,90,92,,97,,,,,,,,12,98,86,2022-12-14,,5,5,
JESUS LUZARDO,MIA,SP,L,,22,STAR,76,82,88,86,73,67,65,256,C,4,96,84,,87,,95,,,,,,,,12,96,84,2022-12-14,O,1,,1
MAX SCHERZER,NYM,SP,R,側投,22,STAR,79,82,86,85,72,76,73,253,C,5,94,75,85,84,,,89,,,,,,,19,94,75,2022-12-14,,9,5,4
CAMILO DOVAL,SF,CP,R,側投,22,STAR,76,76,82,75,72,75,76,233,C,3,,,87,,,98,99,,,,,,,12,99,87,2022-12-14,,3,2,1
DARREN O'DAY (N/A),BAL,RP,R,低肩,12,HOT,76,79,79,74,79,70,77,232,C,3,85,,77,,,84,,,,,,,,8,85,77,2022-11-30,O,2,,2
DAVID PRICE (N/A),BOS,SP,L,,16,HOT,79,82,82,75,82,82,75,239,C,5,93,,,84,92,,88,79,,,,,,14,93,79,2022-11-30,O,2,,2
LANCE LYNN,CWS,SP,R,,21,HOT,79,82,82,77,82,79,74,241,C,5,93,82,,87,,92,89,,,,,,,11,93,82,2022-11-30,,6,2,4
COREY KLUBER,CLE,SP,R,,17,HOT,79,81,81,79,82,81,74,241,C,5,92,84,,85,,92,89,,,,,,,8,92,84,2022-11-30,O,2,,2
JUSTIN VERLANDER,DET,SP,R,,12,HOT,79,82,82,78,82,81,74,242,C,5,94,79,84,85,95,,,,,,,,,16,95,79,2022-11-30,,8,6,2
GERRIT COLE,PIT,SP,R,,15,HOT,79,82,82,77,82,81,75,241,C,5,96,,87,88,,95,,81,,,,,,15,96,81,2022-11-30,,9,7,2
CHRIS DEVENSKI,HOU,RP,R,,17,HOT,76,79,79,74,79,71,76,232,C,3,93,,82,83,,,,,,,,,,11,93,82,2022-11-30,,3,2,1
MIKE MINOR,KC,RP,L,,17,HOT,77,80,80,74,80,72,78,234,C,5,94,,88,87,,91,,82,,,,,,12,94,82,2022-11-30,O,1,,1
STEVE CISHEK (N/A),LAA,RP,R,側投,21,HOT,75,79,79,70,78,71,78,228,C,4,89,,77,82,,90,,,,,,,,13,90,77,2022-11-30,,3,,3
MICHAEL PINEDA,MIN,SP,R,,20,HOT,77,81,81,74,81,74,71,236,C,3,92,,82,85,,,,,,,,,,10,92,82,2022-11-30,,3,,3
AROLDIS CHAPMAN,NYY,CP,L,,19,HOT,76,80,80,71,80,71,77,231,C,4,98,,85,88,,100,,,,,,,,15,100,85,2022-11-30,,6,3,3
LIAM HENDRIKS,OAK,CP,R,,20,HOT,78,81,81,79,81,73,78,241,C,4,96,84,87,90,,,,,,,,,,12,96,84,2022-11-30,,5,3,2
EMILIO PAGAN,SEA,RP,R,,17,HOT,75,78,78,73,78,71,72,229,C,4,93,,,84,93,,84,,,,,,,9,93,84,2022-11-30,,2,1,1
ALEX COLOME,TB,CP,R,,17,HOT,75,79,79,70,79,71,77,228,C,3,95,,,90,,,89,,,,,,,6,95,89,2022-11-30,,3,2,1
ALEX CLAUDIO,TEX,RP,L,側投,18,HOT,75,79,79,70,78,72,77,228,C,5,,,76,70,,86,88,,,87,,,,18,88,70,2022-11-30,O,1,,1
MARCUS STROMAN,TOR,SP,R,,17,HOT,78,81,81,72,81,80,74,234,C,5,93,82,86,82,93,,,,,,,,,11,93,82,2022-11-30,,4,2,2
ANDREW CHAFIN,AZ,RP,L,,19,HOT,76,79,79,71,79,70,78,229,C,3,93,,84,,,94,,,,,,,,10,94,84,2022-11-30,,4,3,1
CRAIG KIMBREL,ATL,CP,R,斜肩,12,HOT,78,81,81,80,81,72,78,242,C,3,97,,,,96,,,86,,,,,,11,97,86,2022-11-30,,6,3,3
JOSE QUINTANA,CHC,SP,L,,19,HOT,78,82,82,71,82,79,75,235,C,4,91,77,,86,,91,,,,,,,,14,91,77,2022-11-30,,4,1,3
RAISEL IGLESIAS,CIN,CP,R,,17,HOT,77,80,80,71,80,73,78,231,C,5,96,66,85,88,,95,,,,,,,,30,96,66,2022-11-30,,3,2,1
ADAM OTTAVINO,COL,RP,R,,14,HOT,76,79,79,71,79,70,78,229,C,4,94,,82,87,93,,,,,,,,,12,94,82,2022-11-30,,4,2,2
PEDRO BAEZ,LAD,RP,R,,15,HOT,75,79,79,72,78,71,76,230,C,4,97,,89,87,96,,,,,,,,,10,97,87,2022-11-30,O,1,,1
YIMI GARCIA,MIA,RP,R,,20,HOT,75,79,79,74,79,71,73,232,C,4,94,82,87,87,,,,,,,,,,12,94,82,2022-11-30,,4,1,3
WILL SMITH,MIL,RP,L,,15,HOT,76,79,79,72,79,70,78,230,C,4,93,76,81,,90,,,,,,,,,17,93,76,2022-11-30,,2,,2
HANSEL ROBLES,NYM,RP,R,,16,HOT,75,79,79,70,79,71,77,228,C,4,95,,84,88,94,,,,,,,,,11,95,84,2022-11-30,O,1,,1
HECTOR NERIS,PHI,CP,R,,17,HOT,75,79,79,70,79,71,77,228,C,4,94,,88,,94,,,,87,,,,,7,94,87,2022-11-30,,2,1,1
BRAD HAND,SD,RP,L,,16,HOT,77,80,80,73,80,73,80,233,C,5,92,81,84,86,92,,,,,,,,,11,92,81,2022-11-30,,5,2,3
ANTHONY DESCLAFANI,SF,SP,R,,21,HOT,78,81,81,76,81,78,74,238,C,5,93,,87,88,,94,,83,,,,,,11,94,83,2022-11-30,,3,1,2
AUSTIN GOMBER,STL,RP,L,,18,HOT,75,79,79,70,78,72,72,228,C,4,92,,89,83,,,,77,,,,,,15,92,77,2022-11-30,O,2,,2
MAX SCHERZER,WSH,SP,R,側投,16,HOT,79,81,81,78,82,82,75,240,C,5,94,77,86,85,,,89,,,,,,,17,94,77,2022-11-30,,9,5,4
RYAN PRESSLY,HOU,CP,R,,22,WS,81,93,84,88,85,68,73,265,B,4,94,80,89,89,,,,,,,,,,14,94,80,2022-11-09,,5,3,2
FRAMBER VALDEZ,HOU,SP,L,,22,WS,81,87,90,88,77,74,75,265,B,5,93,79,,89,,94,83,,,,,,,15,94,79,2022-11-09,,6,5,1
CRISTIAN JAVIER,HOU,SP,R,,22,WS,80,86,85,83,76,75,80,254,C,4,93,,79,85,,,,76,,,,,,17,93,76,2022-11-09,O,2,1,1
RANGER SUAREZ,PHI,SP,L,,22,WS,80,87,78,82,77,76,80,247,C,5,93,76,,85,,92,89,,,,,,,17,93,76,2022-11-09,O,2,1,1
DAVID ROBERTSON,PHI,CP,R,,22,WS,80,92,85,81,72,73,77,258,C,3,,,83,,,,92,84,,,,,,9,92,83,2022-11-09,,4,2,2
BRYAN ABREU,HOU,RP,R,,22,CS,81,88,88,82,73,78,82,258,C,4,97,84,88,89,,,,,,,,,,13,97,84,2022-11-02,O,1,1,
RYAN PRESSLY,HOU,CP,R,,22,CS,80,85,85,84,85,70,75,254,C,4,94,80,89,89,,,,,,,,,,14,94,80,2022-11-02,,5,3,2
CRISTIAN JAVIER,HOU,SP,R,,22,CS,78,84,78,80,76,75,80,242,C,4,93,,79,85,,,,76,,,,,,17,93,76,2022-11-02,,2,1,1
CLAY HOLMES,NYY,RP,R,,22,CS,79,83,80,79,73,79,83,242,C,3,98,,85,,,96,,,,,,,,13,98,85,2022-11-02,,2,1,1
MIGUEL CASTRO,NYY,RP,R,,22,CS,77,83,79,79,67,74,80,241,C,3,,,85,92,,98,,,,,,,,13,98,85,2022-11-02,O,2,,2
JAMESON TAILLON,NYY,SP,R,,22,CS,77,78,71,73,78,79,83,222,D,5,93,81,86,,,94,91,,,,,,,13,94,81,2022-11-02,,3,1,2
DOMINGO GERMAN,NYY,RP,R,,22,CS,77,84,74,70,76,83,75,228,C,4,92,80,,85,,92,,,,,,,,12,92,80,2022-11-02,O,1,,1
CONNOR BROGDON,PHI,RP,R,,22,CS,80,87,85,85,69,74,81,257,C,3,95,,,83,,,88,,,,,,,12,95,83,2022-11-02,O,1,1,
KYLE GIBSON,PHI,RP,R,,22,CS,78,82,71,70,88,82,77,223,D,5,92,,83,84,,91,89,,,,,,,9,92,83,2022-11-02,,3,2,1
NOAH SYNDERGAARD,PHI,RP,R,,22,CS,77,83,71,71,81,82,75,225,D,5,93,76,84,88,,94,,,,,,,,18,94,76,2022-11-02,,4,2,2
DAVID ROBERTSON,PHI,RP,R,,22,CS,77,79,83,72,70,79,83,234,C,3,,,83,,,,92,84,,,,,,9,92,83,2022-11-02,,4,2,2
TIM HILL,SD,RP,L,側投,22,CS,77,84,71,73,72,79,83,228,C,4,91,,82,,,89,88,,,,,,,9,91,82,2022-11-02,O,1,,1
STEVEN WILSON,SD,RP,R,,22,CS,77,76,73,75,73,82,83,224,D,3,95,,82,85,,,,,,,,,,13,95,82,2022-11-02,,2,,2
ADRIAN MOREJON,SD,RP,L,,22,CS,77,85,75,74,70,77,81,234,C,4,97,80,87,84,,,,,,,,,,17,97,80,2022-11-02,O,1,,1
A.J. MINTER,ATL,RP,L,,22,DS,77,71,79,81,71,81,82,231,C,3,96,,,87,,,90,,,,,,,9,96,87,2022-10-26,,3,1,2
ANDREW HEANEY,LAD,RP,L,,22,DS,77,79,82,73,72,83,73,234,C,3,93,,83,85,,,,,,,,,,10,93,83,2022-10-26,,2,,2
BRAD HAND,PHI,RP,L,,22,DS,77,80,77,77,67,78,83,234,C,3,92,,79,,,92,,,,,,,,13,92,79,2022-10-26,,5,2,3
CHRIS MARTIN,LAD,CP,R,,22,DS,77,83,74,74,67,81,83,231,C,5,95,84,,,,94,92,,88,,,,,11,95,84,2022-10-26,,3,1,2
CODY MORRIS,CLE,RP,R,,22,DS,77,83,80,80,67,77,75,243,C,4,94,79,,82,,,88,,,,,,,15,94,79,2022-10-26,O,1,,1
ENYEL DE LOS SANTOS,CLE,RP,R,,22,DS,77,81,71,79,67,81,83,231,C,4,95,,83,87,,,85,,,,,,,12,95,83,2022-10-26,,2,1,1
ERIK SWANSON,SEA,RP,R,,22,DS,77,82,72,74,71,80,83,228,C,3,93,,85,,,,,,83,,,,,10,93,83,2022-10-26,,3,2,1
EVAN PHILLIPS,LAD,RP,R,,22,DS,81,84,85,86,74,79,82,255,C,4,96,,85,,,96,93,,,,,,,11,96,85,2022-10-26,O,1,1,
JONATHAN LOAISIGA,NYY,RP,R,,22,DS,81,92,80,88,73,75,79,260,C,4,97,87,,90,,98,,,,,,,,11,98,87,2022-10-26,O,1,1,
JOSE ALVARADO,PHI,RP,L,,22,DS,78,80,83,86,67,76,81,249,C,4,97,86,,,,99,94,,,,,,,13,99,86,2022-10-26,,3,1,2
JOSH HADER,SD,CP,L,,22,DS,78,82,89,91,67,70,73,262,C,4,96,,83,89,,97,,,,,,,,14,97,83,2022-10-26,,6,4,2
KYLE WRIGHT,ATL,SP,R,,22,DS,79,80,76,87,78,78,78,243,C,5,95,84,90,88,,94,,,,,,,,11,95,84,2022-10-26,O,1,,1
LANCE MCCULLERS,HOU,SP,R,,22,DS,77,80,79,86,68,75,74,245,C,5,,,85,87,,93,88,82,,,,,,11,93,82,2022-10-26,,2,1,1
LUIS GARCIA,HOU,SP,R,,22,DS,78,79,77,82,78,76,76,238,C,5,93,77,79,84,,,85,,,,,,,16,93,77,2022-10-26,,3,1,2
LUIS GARCIA,SD,RP,R,,22,DS,77,81,76,73,67,82,83,230,C,4,97,,82,,,98,,,88,,,,,16,98,82,2022-10-26,,3,1,2
MATT BRASH,SEA,RP,R,,22,DS,79,85,82,87,71,76,75,254,C,4,97,,87,85,,,,84,,,,,,13,97,84,2022-10-26,O,1,,1
PAUL SEWALD,SEA,RP,R,側投,22,DS,80,76,85,86,75,79,82,247,C,2,92,,82,,,,,,,,,,,10,92,82,2022-10-26,O,2,1,1
PIERCE JOHNSON,SD,RP,R,,22,DS,77,84,76,81,67,77,77,241,C,2,95,84,,,,,,,,,,,,11,95,84,2022-10-26,O,1,,1
RAFAEL MONTERO,HOU,RP,R,,22,DS,81,86,80,87,76,80,82,253,C,4,96,,87,91,,95,,,,,,,,9,96,87,2022-10-26,O,1,1,
ROBERT SUAREZ,SD,RP,R,,22,DS,81,92,82,89,72,75,77,263,C,5,98,80,,89,,96,94,,,,,,,18,98,80,2022-10-26,O,1,1,
TREVOR STEPHAN,CLE,RP,R,,22,DS,81,81,88,88,73,79,82,257,C,3,96,,85,,,,,,87,,,,,11,96,85,2022-10-26,O,1,1,
WANDY PERALTA,NYY,RP,L,,22,DS,81,86,84,87,82,74,78,257,C,4,96,,87,88,,95,,,,,,,,9,96,87,2022-10-26,O,1,1,
ZACH PLESAC,CLE,RP,R,,22,DS,77,79,76,73,76,83,75,228,C,5,92,79,85,85,,89,,,,,,,,13,92,79,2022-10-26,O,1,,1
MYCHAL GIVENS,BAL,RP,R,側投,17,HOT,75,77,77,73,77,73,76,227,D,5,95,,87,86,95,,94,,,,,,,9,95,86,2022-10-26,O,1,,1
DANIEL BARD,BOS,RP,R,,11,HOT,75,76,77,74,76,73,76,227,D,4,97,,83,90,97,,,,,,,,,14,97,83,2022-10-26,,2,,2
AARON BUMMER,CWS,RP,L,,21,HOT,75,77,77,74,76,73,76,228,C,4,,,83,88,,95,88,,,,,,,12,95,83,2022-10-26,,2,,2
OLIVER PEREZ (N/A),CLE,RP,L,側投,18,HOT,75,77,77,74,77,72,75,228,C,3,91,,79,,,92,,,,,,,,13,92,79,2022-10-26,O,1,,1
DREW SMYLY,DET,RP,L,,13,HOT,76,78,78,74,78,74,77,230,C,5,90,78,78,,87,,85,,,,,,,12,90,78,2022-10-26,,2,,2
RYAN PRESSLY,HOU,RP,R,,19,HOT,76,78,78,75,78,73,76,231,C,3,96,83,90,,,,,,,,,,,13,96,83,2022-10-26,,5,3,2
GREG HOLLAND,KC,CP,R,,14,HOT,77,79,79,76,79,75,78,234,C,3,96,,85,,,,,,88,,,,,11,96,85,2022-10-26,,3,,3
JOE SMITH,LAA,RP,R,低肩,14,HOT,75,77,77,73,77,73,77,227,D,3,89,,80,,,88,,,,,,,,9,89,80,2022-10-26,,2,,2
TAYLOR ROGERS,MIN,RP,L,,18,HOT,76,78,78,74,78,74,77,230,C,5,93,78,83,,93,93,,,,,,,,15,93,78,2022-10-26,,3,2,1
CHAD GREEN,NYY,RP,R,,18,HOT,76,78,78,74,78,74,77,230,C,3,96,,87,,,,,,88,,,,,9,96,87,2022-10-26,,2,1,1
SEAN DOOLITTLE,OAK,RP,L,,13,HOT,76,78,78,74,78,74,77,230,C,4,94,80,,84,93,,,,,,,,,14,94,80,2022-10-26,,2,,2
MICHAEL PINEDA,SEA,SP,R,,11,HOT,79,80,80,78,80,79,77,238,C,5,94,,83,87,94,,94,,,,,,,11,94,83,2022-10-26,,3,,3
COLLIN MCHUGH,TB,RP,R,,21,HOT,76,78,78,74,78,74,75,230,C,5,90,74,79,85,,,87,,,,,,,16,90,74,2022-10-26,,3,1,2
DARREN O'DAY (N/A),TEX,RP,R,低肩,10,HOT,75,77,77,72,77,72,76,226,D,3,86,,78,,,85,,,,,,,,8,86,78,2022-10-26,,2,,2
LIAM HENDRIKS,TOR,RP,R,,15,HOT,75,77,77,73,77,73,75,227,D,5,95,77,87,89,94,,,,,,,,,18,95,77,2022-10-26,,5,3,2
ROBBIE RAY,AZ,SP,L,,17,HOT,79,81,81,78,81,80,77,240,C,4,94,,84,,93,,,81,,,,,,13,94,81,2022-10-26,,3,1,2
A.J. MINTER,ATL,RP,L,,21,HOT,75,77,77,73,77,72,76,227,D,3,96,,,87,,,89,,,,,,,9,96,87,2022-10-26,,3,1,2
ROWAN WICK,CHC,RP,R,,20,HOT,75,77,77,73,77,72,75,227,D,3,95,,,,,,92,76,,,,,,19,95,76,2022-10-26,O,1,,1
AROLDIS CHAPMAN,CIN,CP,L,,14,HOT,78,80,80,78,79,75,78,238,C,3,100,,88,88,,,,,,,,,,12,100,88,2022-10-26,,6,3,3
JAKE MCGEE (N/A),COL,RP,L,,17,HOT,76,78,78,74,78,74,77,230,C,3,95,,79,,95,,,,,,,,,16,95,79,2022-10-26,,3,,3
BLAKE TREINEN,LAD,RP,R,,21,HOT,77,79,79,75,79,75,78,233,C,5,97,,86,90,,97,93,,,,,,,11,97,86,2022-10-26,,3,1,2
STEVE CISHEK (N/A),MIA,CP,R,側投,13,HOT,76,78,78,74,78,74,77,230,C,3,,,83,85,,92,,,,,,,,9,92,83,2022-10-26,,3,,3
ZACK GREINKE,MIL,SP,R,,11,HOT,78,79,79,78,79,78,76,236,C,5,92,72,83,85,92,,,,,,,,,20,92,72,2022-10-26,,4,1,3
JEURYS FAMILIA,NYM,CP,R,,15,HOT,75,77,77,73,77,73,77,227,D,4,97,,89,,,96,,,93,,,,,8,97,89,2022-10-26,,2,1,1
KEN GILES,PHI,RP,R,,14,HOT,76,78,78,75,78,73,75,231,C,3,97,,87,,95,,,,,,,,,10,97,87,2022-10-26,,3,,3
CHRIS STRATTON,PIT,RP,R,,20,HOT,76,78,78,75,78,74,77,231,C,4,93,80,87,86,,,,,,,,,,13,93,80,2022-10-26,,2,1,1
KIRBY YATES,SD,RP,R,側投,18,HOT,76,78,78,75,78,74,77,231,C,3,94,,87,,,,,,,87,,,,7,94,87,2022-10-26,O,1,,1
SERGIO ROMO,SF,RP,R,側投,15,HOT,76,78,78,74,78,73,77,230,C,5,87,77,77,82,,87,,,,,,,,10,87,77,2022-10-26,O,1,,1
LANCE LYNN,STL,SP,R,,14,HOT,79,81,81,77,81,80,77,239,C,5,92,79,87,85,91,,,,,,,,,13,92,79,2022-10-26,,6,2,4
CRAIG STAMMEN,WSH,RP,R,,13,HOT,75,77,77,73,77,73,75,227,D,5,91,,85,83,91,,,80,,,,,,11,91,80,2022-10-26,,2,,2
SAM HENTGES,CLE,RP,L,,22,WC,81,91,90,86,78,71,75,267,B,5,96,81,88,,,95,87,,,,,,,15,96,81,2022-10-12,O,1,1,
ELI MORGAN,CLE,RP,R,,22,WC,81,81,84,82,81,82,81,247,C,5,92,80,85,76,,,87,,,,,,,16,92,76,2022-10-12,O,1,1,
ANDRES MUNOZ,SEA,RP,R,,22,WC,81,88,86,84,72,80,81,258,C,2,100,,89,,,,,,,,,,,11,100,89,2022-10-12,O,1,1,
MATTHEW FESTA,SEA,RP,R,,22,WC,77,70,70,73,70,88,91,213,D,3,92,84,82,,,,,,,,,,,10,92,82,2022-10-12,O,1,,1
GEORGE KIRBY,SEA,CP,R,,22,WC,77,76,72,74,85,92,68,222,D,4,95,80,85,,,,88,,,,,,,15,95,80,2022-10-12,,2,1,1
SHAWN ARMSTRONG,TB,RP,R,,22,WC,81,80,86,79,73,85,86,245,C,5,95,,86,87,,95,92,,,,,,,9,95,86,2022-10-12,O,1,1,
JASON ADAM,TB,RP,R,,22,WC,81,87,85,86,75,77,81,258,C,4,95,,81,90,,,,79,,,,,,16,95,79,2022-10-12,O,1,1,
GARRETT CLEAVINGER,TB,RP,L,,22,WC,80,90,89,86,67,74,74,265,B,5,96,77,82,77,,95,,,,,,,,19,96,77,2022-10-12,O,1,1,
TYLER GLASNOW,TB,SP,R,,22,WC,77,79,76,78,70,80,79,233,C,3,97,84,90,,,,,,,,,,,13,97,84,2022-10-12,,2,1,1
YIMI GARCIA,TOR,RP,R,,22,WC,77,74,70,70,70,87,91,214,D,5,95,82,89,87,,94,,,,,,,,13,95,82,2022-10-12,,4,1,3
TREVOR RICHARDS,TOR,RP,R,,22,WC,77,74,70,70,71,87,90,214,D,3,93,85,,83,,,,,,,,,,10,93,83,2022-10-12,,2,1,1
ADAM CIMBER,TOR,RP,R,低肩,22,WC,77,74,70,70,74,86,88,214,D,3,86,,77,,,86,,,,,,,,9,86,77,2022-10-12,,2,1,1
EDWIN DIAZ,NYM,RP,R,,22,WC,81,86,78,80,71,85,90,244,C,3,98,,90,,,95,,,,,,,,8,98,90,2022-10-12,,5,4,1
SETH LUGO,NYM,CP,R,,22,WC,77,73,82,75,70,81,81,230,C,5,94,79,89,87,,94,,,,,,,,15,94,79,2022-10-12,,3,2,1
JACOB deGrom,NYM,SP,R,斜肩,22,WC,77,71,82,71,70,85,83,224,D,4,98,83,92,92,,,,,,,,,,15,98,83,2022-10-12,,5,3,2
ZACH EFLIN,PHI,CP,R,,22,WC,77,75,73,75,75,84,80,223,D,5,93,78,,87,,92,90,,,,,,,15,93,78,2022-10-12,,3,2,1
SERANTHONY DOMINGUEZ,PHI,RP,R,,22,WC,77,76,76,70,70,83,87,222,D,4,97,,89,92,,98,,,,,,,,9,98,89,2022-10-12,,2,1,1
JOE MUSGROVE,SD,SP,R,,22,WC,81,82,80,86,81,81,81,248,C,5,93,81,82,,,92,90,,,,,,,12,93,81,2022-10-12,,4,3,1
NICK MARTINEZ,SD,RP,R,,22,WC,79,74,70,80,77,92,85,224,D,5,93,81,,79,,93,89,,,,,,,14,93,79,2022-10-12,O,1,,1
GIOVANNY GALLEGOS,STL,RP,R,,22,WC,81,87,75,83,71,84,89,245,C,3,94,,85,87,,,,,,,,,,9,94,85,2022-10-12,O,1,1,
JORDAN HICKS,STL,RP,R,側投,22,WC,77,75,71,77,70,87,82,223,D,4,100,,84,92,,99,,,,,,,,16,100,84,2022-10-12,O,1,,1
TRISTON MCKENZIE,CLE,SP,R,,22,POST SEASON,80,78,74,83,74,89,87,235,C,3,92,79,87,,,,,,,,,,,13,92,79,2022-10-12,O,1,1,
SHANE BIEBER,CLE,SP,R,,22,POST SEASON,80,77,73,79,76,90,87,229,C,5,91,,85,86,,,87,82,,,,,,9,91,82,2022-10-12,,2,2,
EMMANUEL CLASE,CLE,CP,R,,22,POST SEASON,80,91,75,91,79,71,78,257,C,3,100,,92,,,,99,,,,,,,8,100,92,2022-10-12,,5,5,
JUSTIN VERLANDER,HOU,SP,R,,22,POST SEASON,80,84,83,86,76,80,76,253,C,4,95,79,87,86,,,,,,,,,,16,95,79,2022-10-12,,8,6,2
FRAMBER VALDEZ,HOU,SP,L,,22,POST SEASON,80,85,79,82,74,84,81,246,C,5,93,79,,89,,94,83,,,,,,,15,94,79,2022-10-12,,6,5,1
NESTOR CORTES,NYY,SP,L,側投,22,POST SEASON,80,85,78,87,78,79,78,250,C,5,92,,77,82,,91,87,,,,,,,15,92,77,2022-10-12,,2,2,
GERRIT COLE,NYY,SP,R,,22,POST SEASON,80,71,83,77,74,90,90,231,C,5,97,,89,89,,,92,83,,,,,,14,97,83,2022-10-12,,9,7,2
MICHAEL KING,NYY,RP,R,,22,POST SEASON,79,77,86,79,68,84,80,242,C,4,96,,80,87,,95,,,,,,,,16,96,80,2022-10-12,O,1,,1
LOGAN GILBERT,SEA,SP,R,,22,POST SEASON,77,73,70,72,71,88,89,215,D,5,96,,87,86,,94,,80,,,,,,16,96,80,2022-10-12,,2,1,1
LUIS CASTILLO,SEA,SP,R,斜肩,22,POST SEASON,77,76,78,75,67,84,82,229,C,4,97,,86,88,,96,,,,,,,,11,97,86,2022-10-12,,3,1,2
SHANE MCCLANAHAN,TB,SP,L,,22,POST SEASON,79,79,83,81,67,85,83,243,C,4,97,82,89,87,,,,,,,,,,15,97,82,2022-10-12,,3,2,1
DREW RASMUSSEN,TB,SP,R,,22,POST SEASON,77,76,68,76,67,87,88,220,D,5,96,79,84,,,95,90,,,,,,,17,96,79,2022-10-12,O,1,,1
COREY KLUBER,TB,SP,R,,22,POST SEASON,77,72,68,75,67,89,91,215,D,5,89,80,,82,,89,86,,,,,,,9,89,80,2022-10-12,,2,,2
ALEK MANOAH,TOR,SP,R,,22,POST SEASON,80,83,73,82,73,88,86,238,C,4,93,,81,86,,93,,,,,,,,12,93,81,2022-10-12,,5,4,1
KEVIN GAUSMAN,TOR,SP,R,,22,POST SEASON,77,70,80,69,71,87,87,219,D,4,95,,84,84,,,,,85,,,,,11,95,84,2022-10-12,,5,3,2
MAX FRIED,ATL,SP,L,,22,POST SEASON,80,80,71,80,76,88,86,231,C,5,93,74,87,86,,94,,,,,,,,20,94,74,2022-10-12,,6,4,2
SPENCER STRIDER,ATL,SP,R,,22,POST SEASON,77,72,80,71,67,83,89,223,D,3,98,,86,89,,,,,,,,,,12,98,86,2022-10-12,,3,2,1
JULIO URIAS,LAD,SP,L,,22,POST SEASON,80,81,72,81,74,87,87,234,C,4,93,80,,86,,94,,,,,,,,14,94,80,2022-10-12,,4,4,
TYLER ANDERSON,LAD,SP,L,,22,POST SEASON,79,81,67,81,72,88,86,229,C,5,90,73,,79,,89,85,,,,,,,17,90,73,2022-10-12,,3,1,2
CLAYTON KERSHAW,LAD,SP,L,,22,POST SEASON,77,81,71,77,67,84,82,229,C,5,90,73,86,83,,91,,,,,,,,18,91,73,2022-10-12,,4,2,2
MAX SCHERZER,NYM,SP,R,側投,22,POST SEASON,77,77,79,77,67,83,79,233,C,5,94,75,85,84,,,89,,,,,,,19,94,75,2022-10-12,,9,5,4
CHRIS BASSITT,NYM,SP,R,,22,POST SEASON,77,73,70,76,67,89,87,219,D,5,93,71,79,,,92,89,,,,,,,22,93,71,2022-10-12,,4,2,2
AARON NOLA,PHI,SP,R,,22,POST SEASON,80,81,89,87,83,73,72,257,C,5,92,,,85,,92,87,78,,,,,,14,92,78,2022-10-12,,5,4,1
ZACK WHEELER,PHI,SP,R,,22,POST SEASON,77,76,73,76,69,85,83,225,D,5,96,81,90,89,,95,,,,,,,,15,96,81,2022-10-12,,4,2,2
RANGER SUAREZ,PHI,SP,L,,22,POST SEASON,77,74,68,70,67,91,92,212,D,5,93,76,,85,,92,89,,,,,,,17,93,76,2022-10-12,,2,1,1
YU DARVISH,SD,SP,R,,22,POST SEASON,80,76,78,82,74,89,86,236,C,5,95,,82,,,94,86,,89,,,,,13,95,82,2022-10-12,,4,3,1
BLAKE SNELL,SD,SP,L,,22,POST SEASON,77,71,78,67,67,90,89,216,D,4,96,81,89,87,,,,,,,,,,15,96,81,2022-10-12,,3,2,1
RYAN HELSLEY,STL,RP,R,,22,POST SEASON,78,82,81,81,68,80,77,244,C,4,99,80,89,89,,,,,,,,,,19,99,80,2022-10-12,,3,1,2
JOSE QUINTANA,STL,SP,L,,22,POST SEASON,77,77,67,73,71,85,89,217,D,4,91,78,,86,,91,,,,,,,,13,91,78,2022-10-12,,4,1,3
KEVIN GAUSMAN,BAL,SP,R,,16,HOT,75,76,76,73,76,75,74,225,D,5,94,,79,84,93,,,,84,,,,,15,94,79,2022-09-21,,5,3,2
CHRIS SALE,BOS,SP,L,側投,18,HOT,76,78,78,75,78,77,75,231,C,4,95,,79,87,93,,,,,,,,,16,95,79,2022-09-21,,4,1,3
LUCAS GIOLITO,CWS,SP,R,,21,HOT,75,76,77,73,76,76,72,226,D,4,93,80,85,81,,,,,,,,,,13,93,80,2022-09-21,,3,1,2
CARLOS CARRASCO,CLE,SP,R,,15,HOT,75,76,76,73,76,75,74,225,D,5,94,83,87,88,94,,,,,,,,,11,94,83,2022-09-21,,2,1,1
MAX SCHERZER,DET,SP,R,側投,13,HOT,78,80,80,77,80,79,77,237,C,4,93,77,85,84,,,,,,,,,,16,93,77,2022-09-21,,9,5,4
JUSTIN VERLANDER,HOU,SP,R,,19,HOT,79,81,81,78,81,78,75,240,C,4,94,79,87,87,,,,,,,,,,15,94,79,2022-09-21,,8,6,2
ZACK GREINKE,KC,SP,R,,10,HOT,75,77,77,73,77,76,74,227,D,5,93,73,86,85,93,,,,,,,,,20,93,73,2022-09-21,,4,1,3
GARRETT RICHARDS,LAA,SP,R,,15,HOT,75,76,76,72,76,76,74,224,D,5,96,79,87,,96,,95,,,,,,,17,96,79,2022-09-21,O,1,,1
JOSE BERRIOS,MIN,SP,R,,18,HOT,75,75,75,72,75,78,75,222,D,4,93,81,,83,92,,,,,,,,,12,93,81,2022-09-21,,2,1,1
GERRIT COLE,NYY,SP,R,,21,HOT,76,78,78,75,78,77,75,231,C,5,97,,88,90,,97,,83,,,,,,14,97,83,2022-09-21,,9,7,2
SONNY GRAY,OAK,SP,R,,15,HOT,75,76,76,72,76,76,74,224,D,5,93,81,85,87,93,,,,,,,,,12,93,81,2022-09-21,,4,2,2
MARCO GONZALES,SEA,SP,L,,18,HOT,75,77,77,73,77,76,74,227,D,5,90,78,,83,,90,87,,,,,,,12,90,78,2022-09-21,,2,1,1
DAVID PRICE (N/A),TB,SP,L,,11,HOT,75,76,76,73,76,75,74,225,D,5,94,,,83,95,,89,78,,,,,,17,95,78,2022-09-21,,2,,2
YU DARVISH,TEX,SP,R,,13,HOT,75,77,77,74,77,76,74,228,C,5,93,,80,,92,89,,,86,,,,,13,93,80,2022-09-21,,4,3,1
HYUN JIN RYU,TOR,SP,L,,20,HOT,75,76,76,73,76,76,73,225,D,5,90,72,,79,,89,85,,,,,,,18,90,72,2022-09-21,,3,1,2
PATRICK CORBIN,AZ,SP,L,,13,HOT,75,76,76,72,76,76,74,224,D,5,92,73,80,82,92,,,,,,,,,19,92,73,2022-09-21,,4,2,2
MAX FRIED,ATL,SP,L,,19,HOT,75,76,76,73,76,75,74,225,D,5,93,74,83,84,93,,,,,,,,,19,93,74,2022-09-21,,6,4,2
KYLE HENDRICKS,CHC,SP,R,,19,HOT,75,76,76,72,76,76,74,224,D,4,87,71,,78,,87,,,,,,,,16,87,71,2022-09-21,,2,1,1
JOHNNY CUETO,CIN,SP,R,斜肩,14,HOT,75,76,76,73,76,76,73,225,D,5,93,,83,83,93,,88,,,,,,,10,93,83,2022-09-21,,5,4,1
GERMAN MARQUEZ,COL,SP,R,,21,HOT,75,76,76,73,76,75,74,225,D,5,95,,86,86,,94,,85,,,,,,10,95,85,2022-09-21,,2,1,1
KENLEY JANSEN,LAD,CP,R,,16,HOT,75,76,76,74,76,72,76,226,D,3,94,,83,,,,93,,,,,,,11,94,83,2022-09-21,,5,4,1
ANIBAL SANCHEZ,MIA,SP,R,,10,HOT,75,76,76,72,76,76,74,224,D,5,91,76,84,,,91,,,83,,,,,15,91,76,2022-09-21,,2,,2
BRANDON WOODRUFF,MIL,SP,R,,19,HOT,75,77,77,74,76,74,72,228,C,5,96,81,88,87,96,,,,,,,,,15,96,81,2022-09-21,,2,1,1
NOAH SYNDERGAARD,NYM,SP,R,,19,HOT,75,76,76,73,76,75,74,225,D,5,97,80,89,91,,97,,,,,,,,17,97,80,2022-09-21,,4,2,2
AARON NOLA,PHI,SP,R,,21,HOT,75,76,76,73,76,75,74,225,D,5,93,,,85,,92,87,78,,,,,,15,93,78,2022-09-21,,5,4,1
JOE MUSGROVE,PIT,SP,R,,19,HOT,75,76,76,73,76,76,74,225,D,5,92,82,83,85,,91,,,,,,,,10,92,82,2022-09-21,,4,3,1
IAN KENNEDY,SD,SP,R,,14,HOT,75,76,76,73,76,76,74,225,D,5,92,,84,83,92,,,77,,,,,,15,92,77,2022-09-21,O,1,,1
MADISON BUMGARNER,SF,SP,L,,11,HOT,75,76,76,73,76,75,74,225,D,5,92,77,87,83,90,,,,,,,,,15,92,77,2022-09-21,,3,1,2
ADAM WAINWRIGHT,STL,SP,R,,09,HOT,75,76,76,73,76,76,73,225,D,5,90,74,,82,,91,85,,,,,,,17,91,74,2022-09-21,,2,1,1
STEPHEN STRASBURG,WSH,SP,R,,19,HOT,78,79,79,76,79,79,76,234,C,5,93,81,87,87,93,,,,,,,,,12,93,81,2022-09-21,,2,1,1
DON SUTTON,LAD,SP,R,,,LEGEND,90,98,90,97,86,87,87,285,B,4,93,,88,,,92,,82,,,,,75,18,93,75,,O,1,1,
JOHN MEANS,BAL,SP,L,,19,HOT,78,82,82,80,81,76,72,244,C,4,92,77,83,80,,,,,,,,,,15,92,77,,,2,1,1
RICHARD BLEIER,BAL,RP,L,,18,HOT,75,78,78,75,78,69,72,231,C,5,88,,78,81,,87,85,,,,,,,10,88,78,,,2,1,1
COLE SULSER,BAL,RP,R,,21,HOT,75,78,78,76,77,70,75,232,C,4,93,77,86,83,,,,,,,,,,16,93,77,,O,1,,1
GARRETT WHITLOCK,BOS,RP,R,,21,HOT,77,79,79,77,80,72,75,235,C,4,96,,83,83,,95,,,,,,,,13,96,83,,O,1,,1
MATT BARNES,BOS,RP,R,,18,HOT,76,79,79,78,79,69,75,236,C,3,96,84,,,,,,,89,,,,,12,96,84,,O,1,,1
CRAIG KIMBREL,BOS,CP,R,斜肩,18,HOT,75,78,78,77,76,70,75,233,C,3,97,,,91,,,,86,,,,,,11,97,86,,,6,3,3
JOSE QUINTANA,CWS,SP,L,,14,HOT,78,81,81,79,80,76,71,241,C,5,91,80,86,85,91,,,,,,,,,11,91,80,,,4,1,3
JUAN MINAYA,CWS,RP,R,,18,HOT,75,78,78,76,78,70,75,232,C,4,95,85,86,89,,,,,,,,,,10,95,85,,O,1,,1
CHRIS SALE,CWS,RP,L,側投,11,HOT,75,78,78,77,76,70,74,233,C,4,94,,82,87,95,,,,,,,,,13,95,82,,,4,1,3
MIKE CLEVINGER,CLE,SP,R,,18,HOT,78,81,81,79,78,80,74,241,C,4,93,75,79,87,,,,,,,,,,18,93,75,,,2,1,1
BRYAN SHAW,CLE,RP,R,,17,HOT,77,78,78,76,80,71,79,232,C,3,95,,82,,,,94,,,,,,,13,95,82,,O,1,,1
BRAD HAND,CLE,CP,L,,19,HOT,76,79,79,77,79,69,75,235,C,3,92,,81,,92,,,,,,,,,11,92,81,,,5,2,3
ANIBAL SANCHEZ,DET,SP,R,,13,HOT,79,82,82,80,82,79,74,244,C,5,93,79,86,,,93,,,87,,,,,14,93,79,,O,2,,2
SHANE GREENE,DET,RP,R,,16,HOT,76,79,79,77,79,69,73,235,C,5,92,81,87,85,93,,,,,,,,,12,93,81,,O,1,,1
JOE JIMENEZ,DET,RP,R,,18,HOT,75,78,78,76,76,70,76,232,C,4,96,,85,89,92,,,,,,,,,11,96,85,,,2,1,1
DALLAS KEUCHEL,HOU,SP,L,,15,HOT,79,80,80,78,81,81,74,238,C,5,89,,79,79,89,,84,,,,,,,10,89,79,,O,1,,1
KEN GILES,HOU,RP,R,,16,HOT,76,79,79,78,78,70,77,236,C,3,97,,85,,98,,,,,,,,,13,98,85,,,3,,3
COLLIN MCHUGH,HOU,RP,R,,18,HOT,76,79,79,77,79,70,74,235,C,5,92,76,79,87,,,87,,,,,,,16,92,76,,,3,1,2
SCOTT BARLOW,KC,RP,R,,21,HOT,77,79,79,77,79,71,78,235,C,4,95,79,85,,,96,,,,,,,,17,96,79,,O,1,,1
SCOTT ALEXANDER,KC,RP,L,,17,HOT,76,79,79,77,79,70,75,235,C,4,93,,85,86,,93,,,,,,,,8,93,85,,O,1,,1
BRAD KELLER,KC,SP,R,,18,HOT,76,79,79,77,78,75,73,235,C,4,94,,85,88,93,,,,,,,,,9,94,85,,O,1,,1
DYLAN BUNDY,LAA,SP,R,,20,HOT,79,82,82,80,81,78,73,244,C,5,90,73,80,82,,91,,,,,,,,18,91,73,,O,1,,1
MIKE MAYERS,LAA,RP,R,,20,HOT,77,79,79,77,80,71,78,235,C,4,94,77,85,,,,90,,,,,,,17,94,77,,O,1,,1
JOSE ALVAREZ,LAA,RP,L,側投,18,HOT,75,78,78,76,76,70,77,232,C,5,92,81,84,81,91,,,,,,,,,11,92,81,,,2,,2
RYAN PRESSLY,MIN,RP,R,,16,HOT,76,79,79,77,79,70,77,235,C,4,95,82,88,,94,,,,,,,,,13,95,82,,,5,3,2
TREVOR MAY,MIN,RP,R,,19,HOT,75,78,78,76,77,69,75,232,C,5,96,79,83,87,97,,,,,,,,,18,97,79,,O,1,,1
TYLER DUFFEY,MIN,RP,R,,19,HOT,75,78,78,76,76,70,74,232,C,4,93,,,85,,94,,82,,,,,,12,94,82,,O,1,,1
MICHAEL PINEDA,NYY,SP,R,,16,HOT,79,81,81,79,81,78,74,241,C,5,93,,85,88,94,,94,,,,,,,9,94,85,,O,3,,3
LUIS SEVERINO,NYY,SP,R,,18,HOT,79,81,81,79,80,79,74,241,C,3,97,,88,88,,,,,,,,,,9,97,88,,,2,1,1
DAVID ROBERTSON,NYY,RP,R,,11,HOT,77,79,79,78,79,70,77,236,C,5,93,,84,87,,,93,80,,,,,,13,93,80,,,4,2,2
FRANKIE MONTAS,OAK,SP,R,,21,HOT,78,81,81,79,78,80,74,241,C,4,96,,89,,,96,,,87,,,,,9,96,87,,O,1,,1
CHRIS BASSITT,OAK,SP,R,,21,HOT,78,80,80,78,79,78,73,238,C,5,93,,77,85,,92,89,,,,,,,16,93,77,,,4,2,2
JAKE DIEKMAN,OAK,RP,L,側投,20,HOT,76,79,79,77,79,69,74,235,C,4,95,,82,89,,95,,,,,,,,13,95,82,,,4,2,2
EDWIN DIAZ,SEA,CP,R,,16,HOT,77,80,80,79,80,71,75,239,C,5,96,,87,90,98,97,,,,,,,,11,98,87,,,5,4,1
CHRIS FLEXEN,SEA,SP,R,,21,HOT,77,80,80,78,78,78,73,238,C,3,92,77,,,,,89,,,,,,,15,92,77,,O,1,,1
DREW STECKENRIDER,SEA,RP,R,,21,HOT,76,79,79,77,79,70,75,235,C,3,93,80,87,,,,,,,,,,,13,93,80,,O,1,,1
CHRIS ARCHER,TB,SP,R,,15,HOT,78,81,81,79,80,79,73,241,C,3,95,,87,85,,,,,,,,,,10,95,85,,O,1,,1
JAKE MCGEE (N/A),TB,RP,L,,12,HOT,77,79,79,77,80,70,77,235,C,3,95,,82,,,96,,,,,,,,14,96,82,,,3,,3
JOSE ALVARADO,TB,RP,L,,18,HOT,76,79,79,77,78,70,77,235,C,4,96,84,,,,97,89,,,,,,,13,97,84,,,3,1,2
LANCE LYNN,TEX,SP,R,,19,HOT,79,82,82,80,79,81,75,244,C,5,94,81,,87,92,,89,,,,,,,13,94,81,,,6,2,4
MATT BUSH,TEX,RP,R,,16,HOT,77,79,79,77,80,71,76,235,C,5,97,80,91,92,97,,,,,,,,,17,97,80,,O,1,,1
JOSE LECLERC,TEX,CP,R,,19,HOT,76,79,79,77,79,70,76,235,C,5,97,77,82,90,96,,,,,,,,,20,97,77,,,2,1,1
ROBBIE RAY,TOR,SP,L,,21,HOT,78,81,81,79,78,80,74,241,C,5,95,,89,88,,95,,82,,,,,,13,95,82,,,3,1,2
RYAN TEPERA,TOR,RP,R,,17,HOT,76,79,79,77,79,70,77,235,C,3,95,,83,,,,89,,,,,,,12,95,83,,O,1,,1
DOMINIC LEONE,TOR,RP,R,,17,HOT,76,79,79,77,79,70,76,235,C,4,94,,83,,93,,89,,,,,,,11,94,83,,,3,2,1
ZACK GREINKE,AZ,SP,R,,17,HOT,79,80,80,78,82,80,74,238,C,5,90,74,83,87,90,,,,,,,,,16,90,74,,,4,1,3
DANIEL HUDSON,AZ,RP,R,,15,HOT,76,78,78,76,78,70,76,232,C,4,96,,87,84,96,,,,,,,,,12,96,84,,,3,2,1
ARCHIE BRADLEY,AZ,CP,R,,19,HOT,75,78,78,76,77,70,76,232,C,4,96,,,88,95,,,82,,,,,,14,96,82,,O,1,,1
JESSE CHAVEZ,ATL,RP,R,,21,HOT,76,79,79,77,79,70,72,235,C,5,91,,82,83,,91,89,,,,,,,9,91,82,,,3,2,1
TYLER MATZEK,ATL,RP,L,,21,HOT,75,78,78,76,77,70,76,232,C,3,96,80,84,,,,,,,,,,,16,96,80,,O,1,,1
ARODYS VIZCAINO,ATL,RP,R,,17,HOT,75,78,78,76,77,69,75,232,C,4,98,,85,89,97,,,,,,,,,13,98,85,,O,1,,1
STEVE CISHEK (N/A),CHC,RP,R,側投,18,HOT,76,78,78,76,78,69,77,232,C,4,90,,77,84,,90,,,,,,,,13,90,77,,O,3,,3
CARL EDWARDS JR.,CHC,RP,R,,17,HOT,76,78,78,76,77,70,77,232,C,3,95,81,,,91,,,,,,,,,14,95,81,,O,2,,2
JUSTIN GRIMM,CHC,RP,R,,14,HOT,75,78,78,76,77,69,77,232,C,4,93,80,83,,93,,,,,,,,,13,93,80,,,2,,2
MICHAEL LORENZEN,CIN,RP,R,,19,HOT,76,79,79,77,79,70,77,235,C,5,97,,87,87,96,,94,,,,,,,10,97,87,,,2,1,1
ROBERT STEPHENSON,CIN,RP,R,,19,HOT,75,78,78,76,77,69,74,232,C,3,95,,84,,,,,,87,,,,,11,95,84,,,2,1,1
LUCAS SIMS,CIN,RP,R,,21,HOT,75,78,78,77,76,70,73,233,C,4,95,82,85,90,,,,,,,,,,13,95,82,,O,1,,1
JHOULYS CHACIN,COL,SP,R,,13,HOT,78,81,81,79,80,76,71,241,C,5,90,,80,82,89,,90,,,,,,,10,90,80,,O,1,,1
JON GRAY,COL,SP,R,,17,HOT,77,80,80,78,79,74,71,238,C,5,96,80,89,89,96,,,,,,,,,16,96,80,,,2,,2
GREG HOLLAND,COL,CP,R,,17,HOT,76,79,79,77,79,69,75,235,C,3,93,76,85,,,,,,,,,,,17,93,76,,,3,,3
HYUN JIN RYU,LAD,SP,L,,19,HOT,79,80,80,78,80,81,75,238,C,5,90,72,,80,90,,87,,,,,,,18,90,72,,,3,1,2
JAKE MCGEE (N/A),LAD,RP,L,,20,HOT,77,79,79,78,80,70,76,236,C,3,95,,82,,,96,,,,,,,,14,96,82,,O,3,,3
DUSTIN MAY,LAD,RP,R,,19,HOT,75,79,79,77,75,70,70,235,C,5,96,83,,86,,95,91,,,,,,,13,96,83,,O,1,,1
TREVOR ROGERS,MIA,SP,L,,21,HOT,78,81,81,79,80,75,72,241,C,4,94,,82,84,,95,,,,,,,,13,95,82,,O,1,,1
KYLE BARRACLOUGH,MIA,RP,R,,16,HOT,77,79,79,78,77,71,78,236,C,3,96,,82,89,,,,,,,,,,14,96,82,,O,1,,1
DAVID PHELPS,MIA,RP,R,,16,HOT,77,80,80,78,80,72,77,238,C,5,93,,89,,93,,91,79,,,,,,14,93,79,,O,1,,1
JOSH HADER,MIL,CP,L,,18,HOT,77,79,79,78,80,71,75,236,C,4,94,,82,87,93,,,,,,,,,12,94,82,,,6,4,2
COREY KNEBEL,MIL,CP,R,,17,HOT,77,79,79,78,77,71,79,236,C,2,97,,,,,,,80,,,,,,17,97,80,,O,1,,1
CHASE ANDERSON,MIL,SP,R,,17,HOT,77,80,80,78,81,76,72,238,C,5,93,78,,83,92,,89,,,,,,,15,93,78,,,2,,2
PAUL SEWALD,NYM,RP,R,側投,17,HOT,76,78,78,76,79,70,75,232,C,4,91,,82,82,91,,,,,,,,,9,91,82,,,2,1,1
JUSTIN WILSON,NYM,RP,L,,20,HOT,76,79,79,77,79,69,75,235,C,4,95,,81,,,94,91,,,,,,,14,95,81,,,3,1,2
AARON LOUP,NYM,RP,L,側投,21,HOT,76,79,79,77,78,70,77,235,C,4,,75,,80,,92,84,,,,,,,17,92,75,,,3,2,1
NICK PIVETTA,PHI,SP,R,,18,HOT,78,81,81,79,80,76,72,241,C,5,95,,84,87,94,,,80,,,,,,15,95,80,,,3,1,2
JERAD EICKHOFF,PHI,SP,R,,16,HOT,78,81,81,79,78,79,74,241,C,5,90,75,82,83,90,,,,,,,,,15,90,75,,O,1,,1
JAKE DIEKMAN,PHI,RP,L,側投,14,HOT,76,79,79,77,79,69,77,235,C,3,,,84,87,,97,,,,,,,,13,97,84,,,4,2,2
JAMESON TAILLON,PIT,SP,R,,17,HOT,78,82,82,80,81,75,72,244,C,4,95,81,,88,95,,,,,,,,,14,95,81,,,3,1,2
MARK MELANCON,PIT,RP,R,,13,HOT,77,79,79,77,78,71,78,235,C,4,92,,,,,,92,81,87,,,,,11,92,81,,O,1,,1
KYLE CRICK,PIT,RP,R,,18,HOT,75,78,78,76,77,69,75,232,C,4,96,,81,88,96,,,,,,,,,15,96,81,,O,1,,1
ZACH DAVIES,SD,SP,R,側投,20,HOT,77,80,80,78,78,78,72,238,C,4,,74,,79,,88,87,,,,,,,14,88,74,,O,1,,1
CRAIG STAMMEN,SD,RP,R,,18,HOT,77,79,79,77,79,71,78,235,C,4,90,,,,,91,87,80,,,,,,11,91,80,,O,2,,2
CRAIG KIMBREL,SD,CP,R,斜肩,15,HOT,76,79,79,77,79,69,75,235,C,4,97,,92,,97,,,87,,,,,,10,97,87,,,6,3,3
TYLER ROGERS,SF,RP,R,低肩,21,HOT,76,78,78,76,77,71,78,232,C,3,82,,72,,,82,,,,,,,,10,82,72,,,2,1,1
REYES MORONTA,SF,RP,R,,18,HOT,76,78,78,76,78,70,76,232,C,3,97,,82,,96,,,,,,,,,15,97,82,,,2,1,1
JOSE ALVAREZ,SF,RP,L,側投,21,HOT,76,79,79,77,79,70,76,235,C,5,91,,81,81,,91,86,,,,,,,10,91,81,,O,2,,2
JACK FLAHERTY,STL,SP,R,,19,HOT,79,82,82,80,81,80,74,244,C,5,94,,84,86,92,,,78,,,,,,16,94,78,,,2,1,1
GENESIS CABRERA,STL,RP,L,,21,HOT,76,79,79,77,79,70,77,235,C,4,97,80,,89,,97,,,,,,,,17,97,80,,,2,1,1
JOHN BREBBIA,STL,RP,R,,19,HOT,76,78,78,76,77,70,76,232,C,4,93,,83,87,,,88,,,,,,,10,93,83,,,3,2,1
PATRICK CORBIN,WSH,SP,L,,19,HOT,79,81,81,79,79,80,74,241,C,5,92,68,81,82,92,,,,,,,,,24,92,68,,,4,2,2
TYLER CLIPPARD,WSH,RP,R,,14,HOT,76,79,79,77,79,69,77,235,C,4,92,75,,80,,,,,82,,,,,17,92,75,,O,1,,1
SEAN DOOLITTLE,WSH,CP,L,,18,HOT,76,80,80,78,80,69,73,238,C,3,93,,81,,,,,,85,,,,,12,93,81,,O,2,,2
JACOB deGrom,NYM,SP,R,斜肩,22,HIGH LIGHT,77,80,78,76,77,79,76,234,C,4,98,82,91,91,,,,,,,,,,16,98,82,,,5,3,2
GERRIT COLE,NYY,SP,R,,23,HIGH LIGHT,80,80,86,83,81,78,77,249,C,5,97,,89,89,,,92,83,,,,,,14,97,83,,,9,7,2
JORGE LOPEZ,BAL,CP,R,,22,ALL STAR,82,92,86,87,73,78,78,265,B,5,97,,87,90,,97,,84,,,,,,13,97,84,,O,1,1,
LIAM HENDRIKS,CWS,CP,R,,22,ALL STAR,80,79,88,81,65,83,84,248,C,4,97,85,89,,,,88,,,,,,,12,97,85,,,5,3,2
EMMANUEL CLASE,CLE,CP,R,,22,ALL STAR,82,92,85,88,74,76,78,265,B,3,100,,92,,,,100,,,,,,,8,100,92,,,5,5,
GREGORY SOTO,DET,CP,L,,22,ALL STAR,80,79,82,83,67,85,87,244,C,4,98,,89,92,,97,,,,,,,,9,98,89,,O,2,2,
FRAMBER VALDEZ,HOU,SP,L,,22,ALL STAR,79,79,74,84,75,86,81,237,C,5,93,79,,89,,94,83,,,,,,,15,94,79,,,6,5,1
SHOHEI OHTANI,LAA,SP,R,,22,ALL STAR,78,79,86,80,69,80,77,245,C,5,97,77,85,,,,89,,88,,,,,20,97,77,,,5,4,1
NESTOR CORTES,NYY,SP,L,側投,22,ALL STAR,82,89,84,85,82,77,75,258,C,5,91,,77,82,,91,86,,,,,,,14,91,77,,O,2,2,
CLAY HOLMES,NYY,CP,R,,22,ALL STAR,82,92,85,90,73,78,78,267,B,3,98,,85,,,96,,,,,,,,13,98,85,,O,2,1,1
PAUL BLACKBURN,OAK,SP,R,,22,ALL STAR,82,88,72,82,89,83,83,242,C,5,91,79,,85,,92,87,,,,,,,13,92,79,,O,1,1,
SHANE MCCLANAHAN,TB,SP,L,,22,ALL STAR,82,92,91,91,77,75,71,274,B,4,97,81,89,87,,,,,,,,,,16,97,81,,O,3,2,1
MARTIN PEREZ,TEX,SP,L,,22,ALL STAR,82,92,74,84,78,85,80,250,C,5,93,79,,84,,92,89,,,,,,,14,93,79,,O,1,1,
ALEK MANOAH,TOR,SP,R,,22,ALL STAR,82,92,79,87,77,83,78,258,C,4,93,,81,86,,93,,,,,,,,12,93,81,,,5,4,1
JORDAN ROMANO,TOR,CP,R,,22,ALL STAR,81,79,84,81,70,85,87,244,C,3,96,,87,,,96,,,,,,,,9,96,87,,,2,2,
JOE MANTIPLY,AZ,RP,L,,22,ALL STAR,75,79,72,79,69,75,79,230,C,4,90,81,,82,,90,,,,,,,,9,90,81,,O,1,,1
LUIS CASTILLO,CIN,SP,R,斜肩,22,ALL STAR,75,74,71,72,75,80,79,217,D,4,97,,86,88,,96,,,,,,,,11,97,86,,,3,1,2
TONY GONSOLIN,LAD,SP,R,,22,ALL STAR,82,91,79,86,74,81,81,256,C,4,93,80,87,,,,,,83,,,,,13,93,80,,O,1,1,
TYLER ANDERSON,LAD,SP,L,,22,ALL STAR,78,79,74,83,73,82,81,236,C,5,90,72,,79,,89,85,,,,,,,18,90,72,,,3,1,2
CLAYTON KERSHAW,LAD,SP,L,,22,ALL STAR,75,79,72,74,79,76,74,225,D,5,90,73,86,83,,91,,,,,,,,18,91,73,,,4,2,2
SANDY ALCANTARA,MIA,SP,R,,22,ALL STAR,82,92,74,90,88,78,71,256,C,5,97,86,89,92,,97,,,,,,,,11,97,86,,,5,5,
DEVIN WILLIAMS,MIL,RP,R,,22,ALL STAR,76,79,83,76,64,75,80,238,C,3,94,,,83,,,86,,,,,,,11,94,83,,,4,3,1
EDWIN DIAZ,NYM,CP,R,,22,ALL STAR,82,79,91,83,72,84,86,253,C,3,98,,90,,,95,,,,,,,,8,98,90,,,5,4,1
DAVID BEDNAR,PIT,CP,R,,22,ALL STAR,82,79,90,87,76,81,79,256,C,4,96,77,,,,95,,,90,,,,,19,96,77,,,2,2,
JOE MUSGROVE,SD,SP,R,,22,ALL STAR,82,92,82,87,80,79,73,261,C,5,92,81,82,,,92,90,,,,,,,11,92,81,,O,4,3,1
MILES MIKOLAD,STL,SP,R,,22,ALL STAR,82,79,73,88,83,88,83,240,C,5,93,76,87,82,,92,,,,,,,,17,93,76,,O,1,1,
RYAN HELSLEY,STL,RP,R,,22,ALL STAR,79,84,84,82,72,79,73,250,C,5,98,79,88,88,,90,,,,,,,,19,98,79,,,3,1,2
CORBIN BURNES,MIL,SP,R,,21,ALL MLB 1,86,94,95,94,89,74,70,283,B,5,,81,88,90,,96,95,,,,,,,15,96,81,2023-06-28,O,3,3,
GERRIT COLE,NYY,SP,R,,21,ALL MLB 1,86,88,93,89,73,89,84,270,B,5,97,,89,89,,,92,83,,,,,,14,97,83,2023-06-28,O,9,7,2
JOSH HADER,MIL,CP,L,,21,ALL MLB 1,86,94,94,93,86,73,76,281,B,4,96,,83,89,,97,,,,,,,,14,97,83,2023-06-28,O,6,4,2
LIAM HENDRIKS,CWS,CP,R,,21,ALL MLB 1,87,88,93,94,88,84,80,275,B,3,97,86,89,,,,,,,,,,,11,97,86,2023-06-28,O,5,3,2
MAX SCHERZER,LAD,SP,R,側投,21,ALL MLB 1,86,93,93,94,81,82,73,280,B,5,94,75,85,84,,,89,,,,,,,19,94,75,2023-06-28,O,9,5,4
MAX SCHERZER,WSH,SP,R,側投,21,ALL MLB 1,86,93,93,94,81,82,73,280,B,5,94,75,85,84,,,89,,,,,,,19,94,75,2023-06-28,O,9,5,4
ROBBIE RAY,TOR,SP,L,,21,ALL MLB 1,86,89,90,88,82,89,83,267,B,5,93,,87,87,,93,,79,,,,,,14,93,79,2023-06-28,O,3,1,2
WALKER BUEHLER,LAD,SP,R,,21,ALL MLB 1,87,93,84,92,87,87,84,269,B,5,95,,83,90,,,91,79,,,,,,16,95,79,2023-06-28,O,1,1,
JULIO URIAS,LAD,SP,L,,21,ALL MLB 2,85,89,85,90,85,80,81,264,B,4,93,80,,86,,94,,,,,,,,14,94,80,2023-06-28,,4,4,
KENLEY JANSEN,LAD,CP,R,,21,ALL MLB 2,85,89,84,87,82,87,86,260,C,3,,,81,,,94,92,,,,,,,13,94,81,2023-06-28,,5,4,1
KEVIN GAUSMAN,SF,SP,R,,21,ALL MLB 2,85,86,85,85,81,88,90,256,C,4,95,,84,84,,,,,85,,,,,11,95,84,2023-06-28,,5,3,2
MAX FRIED,ATL,SP,L,,21,ALL MLB 2,85,94,86,92,89,76,73,272,B,5,93,74,87,86,,94,,,,,,,,20,94,74,2023-06-28,O,6,4,2
RAISEL IGLESIAS,LAA,CP,R,,21,ALL MLB 2,85,87,90,90,86,85,77,267,B,4,95,,83,89,,95,,,,,,,,12,95,83,2023-06-28,,3,2,1
SHOHEI OHTANI,LAA,SP,R,,21,ALL MLB 2,85,90,92,89,81,79,79,271,B,5,97,77,85,,,,91,,89,,,,,20,97,77,2023-06-28,,5,4,1
ZACK WHEELER,PHI,SP,R,,21,ALL MLB 2,85,89,87,88,84,88,79,264,B,5,96,81,90,89,,95,,,,,,,,15,96,81,2023-06-28,O,4,2,2
JUAN MARICHAL,SF,SP,R,,,LEGEND,90,99,91,99,85,85,81,289,B,4,93,82,85,82,,,,,,,,,78,15,93,78,2023-06-28,O,1,1,